rank,client_hash_id,content_hash_id,report_date,gsc_impressions,gsc_clicks,gsc_ctr,gsc_avg_position,score,reason_code,action
1,client_62f4a7e64f5e0096,content_34a70fea29d15f24,2026-03-04,39003,2,5.127810681229649e-05,2.7649155193190267,39003,LOW_CTR_HIGH_POSITION,Improve title/meta description
2,client_62f4a7e64f5e0096,content_945d6ff91386c817,2026-03-04,37368,0,0.0,8.613947762791694,37368,LOW_CTR_HIGH_POSITION,Improve title/meta description
3,client_62f4a7e64f5e0096,content_60b99970e55b1ac5,2026-03-04,16833,2,0.00011881423394522664,3.9141567159745736,16833,LOW_CTR_HIGH_POSITION,Improve title/meta description
4,client_62f4a7e64f5e0096,content_ed50f7f4237a3d02,2026-03-04,16369,6,0.0003665465208626061,2.5194575111491235,16369,LOW_CTR_HIGH_POSITION,Improve title/meta description
5,client_62f4a7e64f5e0096,content_465d20bc90052258,2026-03-04,14367,12,0.0008352474420547087,3.277162942855154,14367,LOW_CTR_HIGH_POSITION,Improve title/meta description
6,client_62f4a7e64f5e0096,content_0c5606abaaab3178,2026-03-04,13827,0,0.0,4.1125334490489625,13827,LOW_CTR_HIGH_POSITION,Improve title/meta description
7,client_e547b89c05043229,content_ec2e0346994fb5a5,2026-03-01,12303,52,0.00422661139559457,1.6456148906770707,12303,LOW_CTR_HIGH_POSITION,Improve title/meta description
8,client_62f4a7e64f5e0096,content_0bca6d9a85a9b408,2026-03-04,11464,0,0.0,7.48569434752268,11464,LOW_CTR_HIGH_POSITION,Improve title/meta description
9,client_62f4a7e64f5e0096,content_bb2a9972810ddd72,2026-03-04,11213,1,8.918219923303308e-05,3.3654686524569697,11213,LOW_CTR_HIGH_POSITION,Improve title/meta description
10,client_62f4a7e64f5e0096,content_ff8941941141101f,2026-03-04,10208,2,0.00019592476489028212,1.7227664576802508,10208,LOW_CTR_HIGH_POSITION,Improve title/meta description
11,client_62f4a7e64f5e0096,content_1ff6231687184dec,2026-03-04,8923,0,0.0,6.667040233105458,8923,LOW_CTR_HIGH_POSITION,Improve title/meta description
12,client_20259bd6705d81d4,content_57487b3ef3d84b7d,2026-03-03,8737,0,0.0,5.166533134943345,8737,LOW_CTR_HIGH_POSITION,Improve title/meta description
13,client_62f4a7e64f5e0096,content_84c64d54522c71b0,2026-03-04,8195,0,0.0,3.8882245271507014,8195,LOW_CTR_HIGH_POSITION,Improve title/meta description
14,client_08a6a72ff48e62c0,content_e7b5dd4dff461ad2,2026-03-01,8092,50,0.006178942165101334,3.7899159663865545,8092,LOW_CTR_HIGH_POSITION,Improve title/meta description
15,client_73cda7b4e4f265ea,content_252aa5480bb1f8d7,2026-03-01,8036,1,0.00012444001991040318,1.6215778994524639,8036,LOW_CTR_HIGH_POSITION,Improve title/meta description
16,client_62f4a7e64f5e0096,content_1642f339bd6e7c8d,2026-03-04,7810,2,0.00025608194622279127,5.773111395646607,7810,LOW_CTR_HIGH_POSITION,Improve title/meta description
17,client_62f4a7e64f5e0096,content_cacf368529c5c527,2026-03-02,7782,4,0.0005140066820868671,0.47301464919043945,7782,LOW_CTR_HIGH_POSITION,Improve title/meta description
18,client_62f4a7e64f5e0096,content_c0389fad914fbf6a,2026-03-04,7458,4,0.0005363368195226602,2.1571466881201395,7458,LOW_CTR_HIGH_POSITION,Improve title/meta description
19,client_62f4a7e64f5e0096,content_9e0a8a913953b8d3,2026-03-04,7251,0,0.0,7.057785133085091,7251,LOW_CTR_HIGH_POSITION,Improve title/meta description
20,client_73cda7b4e4f265ea,content_fd2117c2c6790e4b,2026-03-01,6912,21,0.0030381944444444445,3.4768518518518516,6912,LOW_CTR_HIGH_POSITION,Improve title/meta description
21,client_62f4a7e64f5e0096,content_5bc1952fcc63ab80,2026-03-04,6090,0,0.0,2.9942528735632186,6090,LOW_CTR_HIGH_POSITION,Improve title/meta description
22,client_73cda7b4e4f265ea,content_29c4a3831609805d,2026-03-01,5932,67,0.011294672960215779,1.9389750505731624,5932,LOW_CTR_HIGH_POSITION,Improve title/meta description
23,client_73cda7b4e4f265ea,content_471d9cabce329a66,2026-03-01,5507,28,0.005084437988015254,2.7771926638823317,5507,LOW_CTR_HIGH_POSITION,Improve title/meta description
24,client_62f4a7e64f5e0096,content_2d3ea336a4467aa5,2026-03-04,5481,0,0.0,4.4559386973180075,5481,LOW_CTR_HIGH_POSITION,Improve title/meta description
25,client_62f4a7e64f5e0096,content_4d9c81b733a8b676,2026-03-04,5294,0,0.0,7.171326029467322,5294,LOW_CTR_HIGH_POSITION,Improve title/meta description
26,client_73cda7b4e4f265ea,content_b3be04da93e2a210,2026-03-03,5204,1,0.0001921598770176787,2.8848962336664106,5204,LOW_CTR_HIGH_POSITION,Improve title/meta description
27,client_62f4a7e64f5e0096,content_b13e95d379c78818,2026-03-04,4700,7,0.0014893617021276596,3.0472340425531916,4700,LOW_CTR_HIGH_POSITION,Improve title/meta description
28,client_62f4a7e64f5e0096,content_922f95c9418ff0ec,2026-03-02,4459,19,0.004261045077371608,5.213725050459744,4459,LOW_CTR_HIGH_POSITION,Improve title/meta description
29,client_73cda7b4e4f265ea,content_e8b074fd4a082388,2026-03-01,4295,29,0.0067520372526193246,4.059837019790454,4295,LOW_CTR_HIGH_POSITION,Improve title/meta description
30,client_62f4a7e64f5e0096,content_b2ab4535dad3afbe,2026-03-04,4130,0,0.0,6.039709443099274,4130,LOW_CTR_HIGH_POSITION,Improve title/meta description
31,client_73cda7b4e4f265ea,content_e73024da2a848e26,2026-03-01,4022,12,0.0029835902536051715,4.959970164097464,4022,LOW_CTR_HIGH_POSITION,Improve title/meta description
32,client_73cda7b4e4f265ea,content_252aa5480bb1f8d7,2026-03-03,3984,5,0.0012550200803212851,2.3669678714859437,3984,LOW_CTR_HIGH_POSITION,Improve title/meta description
33,client_e547b89c05043229,content_eadb33b5df496f4a,2026-03-01,3905,37,0.009475032010243278,2.7682458386683737,3905,LOW_CTR_HIGH_POSITION,Improve title/meta description
34,client_62f4a7e64f5e0096,content_8d395745c4d76f9e,2026-03-02,3885,0,0.0,6.733075933075933,3885,LOW_CTR_HIGH_POSITION,Improve title/meta description
35,client_62f4a7e64f5e0096,content_7439165c64403c03,2026-03-04,3885,0,0.0,3.4877734877734876,3885,LOW_CTR_HIGH_POSITION,Improve title/meta description
36,client_62f4a7e64f5e0096,content_a09ac98aa5b3f386,2026-03-04,3825,1,0.00026143790849673205,3.647843137254902,3825,LOW_CTR_HIGH_POSITION,Improve title/meta description
37,client_62f4a7e64f5e0096,content_715c744ad187d201,2026-03-04,3775,0,0.0,1.3340397350993378,3775,LOW_CTR_HIGH_POSITION,Improve title/meta description
38,client_62f4a7e64f5e0096,content_85c5da997b780317,2026-03-04,3738,1,0.00026752273943285177,6.304440877474585,3738,LOW_CTR_HIGH_POSITION,Improve title/meta description
39,client_e547b89c05043229,content_2e1a3412814a868f,2026-03-01,3673,26,0.007078682276068609,2.211271440239586,3673,LOW_CTR_HIGH_POSITION,Improve title/meta description
40,client_62f4a7e64f5e0096,content_37a6fac676c8cebb,2026-03-02,3656,0,0.0,3.6438730853391683,3656,LOW_CTR_HIGH_POSITION,Improve title/meta description
41,client_62f4a7e64f5e0096,content_25beb49c03b8fb40,2026-03-02,3654,14,0.0038314176245210726,3.6683087027914616,3654,LOW_CTR_HIGH_POSITION,Improve title/meta description
42,client_73cda7b4e4f265ea,content_cf651123f1085418,2026-03-01,3643,10,0.002744990392533626,6.079055723304968,3643,LOW_CTR_HIGH_POSITION,Improve title/meta description
43,client_73cda7b4e4f265ea,content_00d4fdf6e48a2d38,2026-03-01,3594,22,0.006121313299944352,5.488870339454647,3594,LOW_CTR_HIGH_POSITION,Improve title/meta description
44,client_23a62021009f63c4,content_f7c9fcc26f6e23c1,2026-03-03,3502,47,0.013420902341519133,5.19160479725871,3502,LOW_CTR_HIGH_POSITION,Improve title/meta description
45,client_62f4a7e64f5e0096,content_132dcd40faff1dc2,2026-03-02,3491,4,0.0011458034947006588,4.605557146949298,3491,LOW_CTR_HIGH_POSITION,Improve title/meta description
46,client_e547b89c05043229,content_7bc6d9e878a94569,2026-03-01,3424,4,0.0011682242990654205,5.828271028037383,3424,LOW_CTR_HIGH_POSITION,Improve title/meta description
47,client_62f4a7e64f5e0096,content_6c636114b9c3f61e,2026-03-04,3414,0,0.0,4.304920913884007,3414,LOW_CTR_HIGH_POSITION,Improve title/meta description
48,client_65de48885f4ef01b,content_62673eea26c31c17,2026-03-01,3282,1,0.0003046922608165753,6.167885435709933,3282,LOW_CTR_HIGH_POSITION,Improve title/meta description
49,client_73cda7b4e4f265ea,content_a899a74efbf3e5a9,2026-03-01,3278,3,0.0009151921903599756,5.213239780353875,3278,LOW_CTR_HIGH_POSITION,Improve title/meta description
50,client_e547b89c05043229,content_3508adb0f05ec0b9,2026-03-01,3261,23,0.007053051211284882,2.171419809874272,3261,LOW_CTR_HIGH_POSITION,Improve title/meta description
51,client_62f4a7e64f5e0096,content_34a70fea29d15f24,2026-03-02,3254,3,0.0009219422249539029,2.2031346035648434,3254,LOW_CTR_HIGH_POSITION,Improve title/meta description
52,client_62f4a7e64f5e0096,content_6a3d9a0cabdab51c,2026-03-04,3250,0,0.0,1.0196923076923077,3250,LOW_CTR_HIGH_POSITION,Improve title/meta description
53,client_62f4a7e64f5e0096,content_b64fb5a4b3f9b7aa,2026-03-02,3134,8,0.0025526483726866626,3.2846202935545628,3134,LOW_CTR_HIGH_POSITION,Improve title/meta description
54,client_62f4a7e64f5e0096,content_1297d12799d50ddc,2026-03-02,3118,7,0.0022450288646568314,6.325529185375241,3118,LOW_CTR_HIGH_POSITION,Improve title/meta description
55,client_62f4a7e64f5e0096,content_d63476b67a16d606,2026-03-02,3055,6,0.0019639934533551553,1.2890343698854336,3055,LOW_CTR_HIGH_POSITION,Improve title/meta description
56,client_23a62021009f63c4,content_40baa8f1016f5742,2026-03-03,3051,23,0.0075385119632907244,5.089151098000656,3051,LOW_CTR_HIGH_POSITION,Improve title/meta description
57,client_62f4a7e64f5e0096,content_b13e95d379c78818,2026-03-02,3038,7,0.002304147465437788,0.5668202764976958,3038,LOW_CTR_HIGH_POSITION,Improve title/meta description
58,client_73cda7b4e4f265ea,content_91e1b34e81e54cad,2026-03-01,3034,10,0.0032959789057350032,2.5009887936717203,3034,LOW_CTR_HIGH_POSITION,Improve title/meta description
59,client_62f4a7e64f5e0096,content_59375088eb2eeb27,2026-03-02,3024,4,0.0013227513227513227,4.00462962962963,3024,LOW_CTR_HIGH_POSITION,Improve title/meta description
60,client_62f4a7e64f5e0096,content_b009fc42295b4594,2026-03-04,3008,4,0.0013297872340425532,3.1585771276595747,3008,LOW_CTR_HIGH_POSITION,Improve title/meta description
61,client_62f4a7e64f5e0096,content_05a5a72b3448f6e8,2026-03-02,2993,22,0.007350484463748747,4.021049114600735,2993,LOW_CTR_HIGH_POSITION,Improve title/meta description
62,client_62f4a7e64f5e0096,content_5153c65f382485a9,2026-03-02,2968,8,0.0026954177897574125,4.035714285714286,2968,LOW_CTR_HIGH_POSITION,Improve title/meta description
63,client_62f4a7e64f5e0096,content_5e50ab1715d6f547,2026-03-02,2940,1,0.0003401360544217687,7.752380952380952,2940,LOW_CTR_HIGH_POSITION,Improve title/meta description
64,client_62f4a7e64f5e0096,content_e5dd70893789107b,2026-03-02,2898,14,0.004830917874396135,4.135955831608006,2898,LOW_CTR_HIGH_POSITION,Improve title/meta description
65,client_73cda7b4e4f265ea,content_e762b3812901065c,2026-03-01,2892,16,0.005532503457814661,3.18118948824343,2892,LOW_CTR_HIGH_POSITION,Improve title/meta description
66,client_73cda7b4e4f265ea,content_e241d6415ac9e534,2026-03-01,2767,10,0.003614022406938923,2.579689194073003,2767,LOW_CTR_HIGH_POSITION,Improve title/meta description
67,client_73cda7b4e4f265ea,content_b17c1d1cb0a346d6,2026-03-01,2766,20,0.0072306579898770785,3.727765726681128,2766,LOW_CTR_HIGH_POSITION,Improve title/meta description
68,client_62f4a7e64f5e0096,content_b64fb5a4b3f9b7aa,2026-03-04,2763,5,0.0018096272167933405,3.2877307274701413,2763,LOW_CTR_HIGH_POSITION,Improve title/meta description
69,client_62f4a7e64f5e0096,content_04945bb007196030,2026-03-02,2738,2,0.0007304601899196494,3.168371073776479,2738,LOW_CTR_HIGH_POSITION,Improve title/meta description
70,client_62f4a7e64f5e0096,content_922f95c9418ff0ec,2026-03-04,2702,15,0.0055514433752775726,4.126943005181347,2702,LOW_CTR_HIGH_POSITION,Improve title/meta description
71,client_73cda7b4e4f265ea,content_2ce046a1cef19686,2026-03-01,2683,0,0.0,3.0313082370480804,2683,LOW_CTR_HIGH_POSITION,Improve title/meta description
72,client_e547b89c05043229,content_306bc78dff1eb683,2026-03-01,2672,2,0.0007485029940119761,0.9075598802395209,2672,LOW_CTR_HIGH_POSITION,Improve title/meta description
73,client_20259bd6705d81d4,content_623f10411a2328a8,2026-03-03,2666,32,0.012003000750187547,5.962490622655664,2666,LOW_CTR_HIGH_POSITION,Improve title/meta description
74,client_73cda7b4e4f265ea,content_ac744f16f3d99a5b,2026-03-01,2622,6,0.002288329519450801,2.8863463005339436,2622,LOW_CTR_HIGH_POSITION,Improve title/meta description
75,client_62f4a7e64f5e0096,content_c5c94f4cecdb2dc3,2026-03-04,2599,20,0.007695267410542516,3.9992304732589457,2599,LOW_CTR_HIGH_POSITION,Improve title/meta description
76,client_62f4a7e64f5e0096,content_1297d12799d50ddc,2026-03-04,2564,4,0.0015600624024961,4.918096723868954,2564,LOW_CTR_HIGH_POSITION,Improve title/meta description
77,client_62f4a7e64f5e0096,content_ebf09985d434af47,2026-03-04,2546,0,0.0,2.873134328358209,2546,LOW_CTR_HIGH_POSITION,Improve title/meta description
78,client_62f4a7e64f5e0096,content_762945c6df895ded,2026-03-02,2536,2,0.0007886435331230284,7.267350157728707,2536,LOW_CTR_HIGH_POSITION,Improve title/meta description
79,client_62f4a7e64f5e0096,content_1358a4523bade9b1,2026-03-04,2532,0,0.0,5.430489731437599,2532,LOW_CTR_HIGH_POSITION,Improve title/meta description
80,client_62f4a7e64f5e0096,content_ca668da488ae14a0,2026-03-02,2521,6,0.002380007933359778,3.602142007140024,2521,LOW_CTR_HIGH_POSITION,Improve title/meta description
81,client_73cda7b4e4f265ea,content_b3be04da93e2a210,2026-03-01,2510,0,0.0,3.7254980079681275,2510,LOW_CTR_HIGH_POSITION,Improve title/meta description
82,client_62f4a7e64f5e0096,content_62850cc56d45a7cf,2026-03-02,2477,13,0.005248284214775939,4.5369398465886155,2477,LOW_CTR_HIGH_POSITION,Improve title/meta description
83,client_62f4a7e64f5e0096,content_10a5a4d38ec7d1d6,2026-03-02,2474,21,0.008488278092158448,2.7489894907033143,2474,LOW_CTR_HIGH_POSITION,Improve title/meta description
84,client_73cda7b4e4f265ea,content_2ce046a1cef19686,2026-03-03,2457,0,0.0,3.1794871794871793,2457,LOW_CTR_HIGH_POSITION,Improve title/meta description
85,client_e547b89c05043229,content_77276ad7a26f4905,2026-03-01,2454,8,0.0032599837000814994,4.687856560717196,2454,LOW_CTR_HIGH_POSITION,Improve title/meta description
86,client_73cda7b4e4f265ea,content_1f3195e2491d9314,2026-03-01,2442,4,0.001638001638001638,4.260851760851761,2442,LOW_CTR_HIGH_POSITION,Improve title/meta description
87,client_e547b89c05043229,content_3508adb0f05ec0b9,2026-03-02,2412,24,0.009950248756218905,2.861525704809287,2412,LOW_CTR_HIGH_POSITION,Improve title/meta description
88,client_62f4a7e64f5e0096,content_e3503e9673db428f,2026-03-04,2399,1,0.00041684035014589413,3.594414339308045,2399,LOW_CTR_HIGH_POSITION,Improve title/meta description
89,client_73cda7b4e4f265ea,content_29f120b969d89d33,2026-03-01,2396,0,0.0,3.7257929883138563,2396,LOW_CTR_HIGH_POSITION,Improve title/meta description
90,client_62f4a7e64f5e0096,content_1e0e1bcf698eb374,2026-03-02,2389,5,0.002092925910422771,4.131854332356634,2389,LOW_CTR_HIGH_POSITION,Improve title/meta description
91,client_62f4a7e64f5e0096,content_227a1c070cabe28f,2026-03-04,2387,0,0.0,0.9736070381231672,2387,LOW_CTR_HIGH_POSITION,Improve title/meta description
92,client_62f4a7e64f5e0096,content_ed9550dbeae9288f,2026-03-02,2365,3,0.0012684989429175475,3.2634249471458774,2365,LOW_CTR_HIGH_POSITION,Improve title/meta description
93,client_73cda7b4e4f265ea,content_29f120b969d89d33,2026-03-03,2320,1,0.0004310344827586207,3.1823275862068967,2320,LOW_CTR_HIGH_POSITION,Improve title/meta description
94,client_62f4a7e64f5e0096,content_f6b33d036a44de99,2026-03-02,2317,4,0.0017263703064307294,4.659905049633147,2317,LOW_CTR_HIGH_POSITION,Improve title/meta description
95,client_e547b89c05043229,content_66305559ad761975,2026-03-04,2313,4,0.0017293558149589277,3.437094682230869,2313,LOW_CTR_HIGH_POSITION,Improve title/meta description
96,client_e547b89c05043229,content_8e5fefdae6cea24b,2026-03-02,2285,6,0.00262582056892779,2.8056892778993436,2285,LOW_CTR_HIGH_POSITION,Improve title/meta description
97,client_e547b89c05043229,content_60ffc60f92ae4b26,2026-03-01,2281,12,0.00526085050416484,3.5037264357737836,2281,LOW_CTR_HIGH_POSITION,Improve title/meta description
98,client_e547b89c05043229,content_60ffc60f92ae4b26,2026-03-02,2274,5,0.0021987686895338612,3.451187335092348,2274,LOW_CTR_HIGH_POSITION,Improve title/meta description
99,client_62f4a7e64f5e0096,content_5cba08de8c1804bd,2026-03-04,2267,7,0.0030877812086457872,2.6493162770180856,2267,LOW_CTR_HIGH_POSITION,Improve title/meta description
100,client_e547b89c05043229,content_8e5fefdae6cea24b,2026-03-04,2256,10,0.004432624113475178,4.808510638297872,2256,LOW_CTR_HIGH_POSITION,Improve title/meta description
101,client_62f4a7e64f5e0096,content_fc67675904376267,2026-03-04,2249,1,0.00044464206313917296,1.6780791462872389,2249,LOW_CTR_HIGH_POSITION,Improve title/meta description
102,client_73cda7b4e4f265ea,content_1923e798af84b6dd,2026-03-01,2243,10,0.004458314757021846,7.392777530093625,2243,LOW_CTR_HIGH_POSITION,Improve title/meta description
103,client_62f4a7e64f5e0096,content_b03d1bccd56145c0,2026-03-02,2242,5,0.0022301516503122213,5.483496877787689,2242,LOW_CTR_HIGH_POSITION,Improve title/meta description
104,client_73cda7b4e4f265ea,content_014549295f72f8fc,2026-03-01,2206,7,0.003173164097914778,3.3644605621033543,2206,LOW_CTR_HIGH_POSITION,Improve title/meta description
105,client_62f4a7e64f5e0096,content_62850cc56d45a7cf,2026-03-04,2198,9,0.004094631483166515,4.3921747042766155,2198,LOW_CTR_HIGH_POSITION,Improve title/meta description
106,client_62f4a7e64f5e0096,content_1eb5b23bfa4a556f,2026-03-03,2191,0,0.0,3.062072113190324,2191,LOW_CTR_HIGH_POSITION,Improve title/meta description
107,client_73cda7b4e4f265ea,content_75768465a4cc1919,2026-03-01,2181,14,0.006419073819348923,3.6740027510316366,2181,LOW_CTR_HIGH_POSITION,Improve title/meta description
108,client_62f4a7e64f5e0096,content_f6d0b5c9cb1ed4ef,2026-03-02,2172,14,0.006445672191528545,1.6482504604051564,2172,LOW_CTR_HIGH_POSITION,Improve title/meta description
109,client_62f4a7e64f5e0096,content_c1087f18d91d3ce1,2026-03-02,2172,1,0.00046040515653775324,4.193370165745856,2172,LOW_CTR_HIGH_POSITION,Improve title/meta description
110,client_fef1a8f436438636,content_b0d77fdc180a9240,2026-03-01,2137,0,0.0,6.216190921853065,2137,LOW_CTR_HIGH_POSITION,Improve title/meta description
111,client_73cda7b4e4f265ea,content_40a9a9c500dbbd10,2026-03-01,2136,8,0.003745318352059925,4.512640449438202,2136,LOW_CTR_HIGH_POSITION,Improve title/meta description
112,client_62f4a7e64f5e0096,content_a16e71195bc692be,2026-03-04,2117,0,0.0,9.221067548417572,2117,LOW_CTR_HIGH_POSITION,Improve title/meta description
113,client_73cda7b4e4f265ea,content_8eba2d99238592aa,2026-03-01,2105,12,0.005700712589073635,3.9296912114014253,2105,LOW_CTR_HIGH_POSITION,Improve title/meta description
114,client_73cda7b4e4f265ea,content_81191b1eb59b8ab1,2026-03-01,2072,8,0.003861003861003861,4.561293436293436,2072,LOW_CTR_HIGH_POSITION,Improve title/meta description
115,client_62f4a7e64f5e0096,content_5abfb5c8fd4009ae,2026-03-02,2072,5,0.002413127413127413,2.347007722007722,2072,LOW_CTR_HIGH_POSITION,Improve title/meta description
116,client_62f4a7e64f5e0096,content_15d741d8bb4143c2,2026-03-02,2056,1,0.00048638132295719845,5.565661478599222,2056,LOW_CTR_HIGH_POSITION,Improve title/meta description
117,client_e547b89c05043229,content_66305559ad761975,2026-03-02,2040,2,0.000980392156862745,3.357843137254902,2040,LOW_CTR_HIGH_POSITION,Improve title/meta description
118,client_73cda7b4e4f265ea,content_f7d7e2f07670ee47,2026-03-01,2026,18,0.008884501480750246,3.222112537018756,2026,LOW_CTR_HIGH_POSITION,Improve title/meta description
119,client_73cda7b4e4f265ea,content_1dbfc539c802ba80,2026-03-01,2018,2,0.0009910802775024777,4.594152626362735,2018,LOW_CTR_HIGH_POSITION,Improve title/meta description
120,client_23a62021009f63c4,content_e4fa96d0a49fe2b8,2026-03-03,2009,7,0.003484320557491289,7.7974116475858635,2009,LOW_CTR_HIGH_POSITION,Improve title/meta description
121,client_23a62021009f63c4,content_e4fa96d0a49fe2b8,2026-03-01,2001,12,0.005997001499250375,6.748125937031484,2001,LOW_CTR_HIGH_POSITION,Improve title/meta description
122,client_e547b89c05043229,content_d16241fb44b16bb6,2026-03-01,1992,5,0.0025100401606425703,3.621987951807229,1992,LOW_CTR_HIGH_POSITION,Improve title/meta description
123,client_73cda7b4e4f265ea,content_80a21719a6f9af93,2026-03-03,1986,0,0.0,4.331319234642497,1986,LOW_CTR_HIGH_POSITION,Improve title/meta description
124,client_62f4a7e64f5e0096,content_f28fad229748fb7a,2026-03-02,1977,3,0.0015174506828528073,1.9236216489630753,1977,LOW_CTR_HIGH_POSITION,Improve title/meta description
125,client_fef1a8f436438636,content_6b4ba5a247ea6100,2026-03-02,1959,12,0.006125574272588055,3.8779989790709544,1959,LOW_CTR_HIGH_POSITION,Improve title/meta description
126,client_62f4a7e64f5e0096,content_d9229de63cdcb87b,2026-03-02,1944,5,0.00257201646090535,5.336934156378601,1944,LOW_CTR_HIGH_POSITION,Improve title/meta description
127,client_62f4a7e64f5e0096,content_f77f0a6b435d0561,2026-03-02,1941,6,0.0030911901081916537,4.422977846470891,1941,LOW_CTR_HIGH_POSITION,Improve title/meta description
128,client_73cda7b4e4f265ea,content_ccf195c77aef0367,2026-03-01,1932,5,0.002587991718426501,5.457556935817806,1932,LOW_CTR_HIGH_POSITION,Improve title/meta description
129,client_62f4a7e64f5e0096,content_1d4e4599d2836dc6,2026-03-04,1925,3,0.0015584415584415584,2.207792207792208,1925,LOW_CTR_HIGH_POSITION,Improve title/meta description
130,client_73cda7b4e4f265ea,content_48cbb12a9666ea47,2026-03-01,1924,2,0.0010395010395010396,4.32952182952183,1924,LOW_CTR_HIGH_POSITION,Improve title/meta description
131,client_73cda7b4e4f265ea,content_1a2f4b4e39726adc,2026-03-01,1922,7,0.0036420395421436005,5.686784599375651,1922,LOW_CTR_HIGH_POSITION,Improve title/meta description
132,client_62f4a7e64f5e0096,content_d473d81819154a8b,2026-03-02,1920,5,0.0026041666666666665,3.971875,1920,LOW_CTR_HIGH_POSITION,Improve title/meta description
133,client_62f4a7e64f5e0096,content_065a940ddea562c8,2026-03-02,1916,2,0.0010438413361169101,5.855949895615867,1916,LOW_CTR_HIGH_POSITION,Improve title/meta description
134,client_e547b89c05043229,content_0e03de7680314cd5,2026-03-01,1913,8,0.004181913225300575,2.2524830109775222,1913,LOW_CTR_HIGH_POSITION,Improve title/meta description
135,client_62f4a7e64f5e0096,content_8676d6d3d45d1f27,2026-03-02,1909,1,0.0005238344683080147,4.598218962807753,1909,LOW_CTR_HIGH_POSITION,Improve title/meta description
136,client_62f4a7e64f5e0096,content_a01c0a59520afde7,2026-03-02,1908,4,0.0020964360587002098,3.1341719077568135,1908,LOW_CTR_HIGH_POSITION,Improve title/meta description
137,client_62f4a7e64f5e0096,content_c5c94f4cecdb2dc3,2026-03-02,1897,9,0.004744333157617291,2.6304691618344753,1897,LOW_CTR_HIGH_POSITION,Improve title/meta description
138,client_e547b89c05043229,content_6c3344173f1c6151,2026-03-01,1896,10,0.005274261603375527,2.9841772151898733,1896,LOW_CTR_HIGH_POSITION,Improve title/meta description
139,client_0fa64a184f18a4a0,content_76a6fa55e21323b3,2026-03-02,1896,0,0.0,8.151898734177216,1896,LOW_CTR_HIGH_POSITION,Improve title/meta description
140,client_62f4a7e64f5e0096,content_506e2733ce390ffe,2026-03-02,1891,5,0.0026441036488630354,2.924378635642517,1891,LOW_CTR_HIGH_POSITION,Improve title/meta description
141,client_e547b89c05043229,content_86c036a549cbbfd5,2026-03-02,1878,26,0.013844515441959531,2.6517571884984026,1878,LOW_CTR_HIGH_POSITION,Improve title/meta description
142,client_62f4a7e64f5e0096,content_24821738e910ae7d,2026-03-02,1870,7,0.0037433155080213902,1.83048128342246,1870,LOW_CTR_HIGH_POSITION,Improve title/meta description
143,client_62f4a7e64f5e0096,content_d9229de63cdcb87b,2026-03-04,1836,2,0.0010893246187363835,5.300653594771242,1836,LOW_CTR_HIGH_POSITION,Improve title/meta description
144,client_62f4a7e64f5e0096,content_9436bbbae5a1b27a,2026-03-02,1827,13,0.0071154898741105635,3.0519978106185004,1827,LOW_CTR_HIGH_POSITION,Improve title/meta description
145,client_e547b89c05043229,content_044eae5cec1e4ac1,2026-03-01,1820,1,0.0005494505494505495,2.0527472527472526,1820,LOW_CTR_HIGH_POSITION,Improve title/meta description
146,client_62f4a7e64f5e0096,content_38bc3b16b0fe4e5e,2026-03-04,1817,2,0.001100715465052284,4.33957072096863,1817,LOW_CTR_HIGH_POSITION,Improve title/meta description
147,client_73cda7b4e4f265ea,content_e437f65d9efa22ec,2026-03-01,1812,7,0.003863134657836645,4.696467991169978,1812,LOW_CTR_HIGH_POSITION,Improve title/meta description
148,client_62f4a7e64f5e0096,content_e6a38aabbb38e42a,2026-03-02,1812,2,0.0011037527593818985,3.4387417218543046,1812,LOW_CTR_HIGH_POSITION,Improve title/meta description
149,client_62f4a7e64f5e0096,content_5cba08de8c1804bd,2026-03-02,1808,10,0.0055309734513274336,2.2533185840707963,1808,LOW_CTR_HIGH_POSITION,Improve title/meta description
150,client_73cda7b4e4f265ea,content_c684e826fd2cc874,2026-03-01,1806,0,0.0,5.956256921373201,1806,LOW_CTR_HIGH_POSITION,Improve title/meta description
151,client_23a62021009f63c4,content_d2a5937e861a40f0,2026-03-03,1800,2,0.0011111111111111111,5.165,1800,LOW_CTR_HIGH_POSITION,Improve title/meta description
152,client_62f4a7e64f5e0096,content_42b588b39b482353,2026-03-02,1798,5,0.0027808676307007787,4.213570634037819,1798,LOW_CTR_HIGH_POSITION,Improve title/meta description
153,client_62f4a7e64f5e0096,content_f6116743b00afc2d,2026-03-02,1798,0,0.0,7.911012235817575,1798,LOW_CTR_HIGH_POSITION,Improve title/meta description
154,client_e547b89c05043229,content_629b2d2f28c32b39,2026-03-02,1797,9,0.005008347245409015,3.312186978297162,1797,LOW_CTR_HIGH_POSITION,Improve title/meta description
155,client_73cda7b4e4f265ea,content_80a21719a6f9af93,2026-03-01,1790,1,0.0005586592178770949,4.757541899441341,1790,LOW_CTR_HIGH_POSITION,Improve title/meta description
156,client_73cda7b4e4f265ea,content_9d519c7c1a399f44,2026-03-01,1783,6,0.0033651149747616375,4.47896803140774,1783,LOW_CTR_HIGH_POSITION,Improve title/meta description
157,client_e547b89c05043229,content_629b2d2f28c32b39,2026-03-04,1781,10,0.005614823133071308,2.570466030320045,1781,LOW_CTR_HIGH_POSITION,Improve title/meta description
158,client_62f4a7e64f5e0096,content_abece752ad055bf6,2026-03-02,1775,5,0.0028169014084507044,5.0247887323943665,1775,LOW_CTR_HIGH_POSITION,Improve title/meta description
159,client_62f4a7e64f5e0096,content_45027bd933294c91,2026-03-04,1773,0,0.0,4.109419063733784,1773,LOW_CTR_HIGH_POSITION,Improve title/meta description
160,client_e547b89c05043229,content_86c036a549cbbfd5,2026-03-01,1768,16,0.00904977375565611,2.759049773755656,1768,LOW_CTR_HIGH_POSITION,Improve title/meta description
161,client_23a62021009f63c4,content_ce467ecc5defe43f,2026-03-03,1767,33,0.01867572156196944,8.536502546689304,1767,LOW_CTR_HIGH_POSITION,Improve title/meta description
162,client_62f4a7e64f5e0096,content_5df7faa6dc982360,2026-03-04,1748,0,0.0,3.5526315789473686,1748,LOW_CTR_HIGH_POSITION,Improve title/meta description
163,client_62f4a7e64f5e0096,content_0cf9e326eae6673b,2026-03-02,1746,2,0.001145475372279496,5.738831615120275,1746,LOW_CTR_HIGH_POSITION,Improve title/meta description
164,client_e547b89c05043229,content_3e6275ef355c9602,2026-03-01,1738,11,0.006329113924050633,2.122554660529344,1738,LOW_CTR_HIGH_POSITION,Improve title/meta description
165,client_62f4a7e64f5e0096,content_bb1d4c67287bb16b,2026-03-04,1734,0,0.0,4.5899653979238755,1734,LOW_CTR_HIGH_POSITION,Improve title/meta description
166,client_73cda7b4e4f265ea,content_34323214bf2c13ac,2026-03-01,1716,8,0.004662004662004662,2.8665501165501164,1716,LOW_CTR_HIGH_POSITION,Improve title/meta description
167,client_62f4a7e64f5e0096,content_342b49bf866eb927,2026-03-02,1698,5,0.002944640753828033,1.8339222614840989,1698,LOW_CTR_HIGH_POSITION,Improve title/meta description
168,client_73cda7b4e4f265ea,content_c9f840183215651b,2026-03-01,1692,0,0.0,5.527777777777778,1692,LOW_CTR_HIGH_POSITION,Improve title/meta description
169,client_23a62021009f63c4,content_bf9fbd3c5b6f2259,2026-03-03,1683,0,0.0,1.6625074272133096,1683,LOW_CTR_HIGH_POSITION,Improve title/meta description
170,client_73cda7b4e4f265ea,content_ef2fe5b38a45158f,2026-03-01,1676,5,0.0029832935560859188,4.327565632458234,1676,LOW_CTR_HIGH_POSITION,Improve title/meta description
171,client_62f4a7e64f5e0096,content_9fc0cd37a69f8d68,2026-03-02,1675,9,0.005373134328358209,2.4197014925373135,1675,LOW_CTR_HIGH_POSITION,Improve title/meta description
172,client_23a62021009f63c4,content_ad7966dbbea3fdf9,2026-03-03,1669,0,0.0,4.641701617735171,1669,LOW_CTR_HIGH_POSITION,Improve title/meta description
173,client_62f4a7e64f5e0096,content_ee10f14ef2fd9ce3,2026-03-02,1660,5,0.0030120481927710845,3.5710843373493977,1660,LOW_CTR_HIGH_POSITION,Improve title/meta description
174,client_62f4a7e64f5e0096,content_4095b08792b57179,2026-03-02,1651,3,0.0018170805572380376,4.290127195639006,1651,LOW_CTR_HIGH_POSITION,Improve title/meta description
175,client_62f4a7e64f5e0096,content_8b116848a7a940d3,2026-03-04,1646,1,0.0006075334143377885,7.152490886998785,1646,LOW_CTR_HIGH_POSITION,Improve title/meta description
176,client_23a62021009f63c4,content_7194f35ed434d1ec,2026-03-03,1644,1,0.0006082725060827251,9.849148418491485,1644,LOW_CTR_HIGH_POSITION,Improve title/meta description
177,client_62f4a7e64f5e0096,content_f54d72a322dab771,2026-03-02,1644,1,0.0006082725060827251,2.167883211678832,1644,LOW_CTR_HIGH_POSITION,Improve title/meta description
178,client_62f4a7e64f5e0096,content_a1f890d7754e2e09,2026-03-02,1643,1,0.0006086427267194157,5.0,1643,LOW_CTR_HIGH_POSITION,Improve title/meta description
179,client_e547b89c05043229,content_32c47aebe6641065,2026-03-01,1640,6,0.003658536585365854,3.173780487804878,1640,LOW_CTR_HIGH_POSITION,Improve title/meta description
180,client_62f4a7e64f5e0096,content_8a27e08a69042241,2026-03-02,1637,3,0.0018326206475259622,5.1270616982284665,1637,LOW_CTR_HIGH_POSITION,Improve title/meta description
181,client_73cda7b4e4f265ea,content_cc03d4ebf4033c98,2026-03-01,1629,16,0.009821976672805401,2.6372007366482504,1629,LOW_CTR_HIGH_POSITION,Improve title/meta description
182,client_fef1a8f436438636,content_811c0e6db6e2cb7b,2026-03-01,1628,4,0.002457002457002457,4.202702702702703,1628,LOW_CTR_HIGH_POSITION,Improve title/meta description
183,client_73cda7b4e4f265ea,content_3945c67085dca540,2026-03-01,1627,15,0.00921942224953903,3.704363859864782,1627,LOW_CTR_HIGH_POSITION,Improve title/meta description
184,client_e547b89c05043229,content_f32f8f04bcfba3d0,2026-03-02,1623,1,0.0006161429451632779,7.463955637707948,1623,LOW_CTR_HIGH_POSITION,Improve title/meta description
185,client_e547b89c05043229,content_f86f77b3ebdc05ee,2026-03-01,1619,3,0.0018529956763434219,3.400864731315627,1619,LOW_CTR_HIGH_POSITION,Improve title/meta description
186,client_62f4a7e64f5e0096,content_a53b8190991c3dc3,2026-03-04,1618,1,0.0006180469715698393,7.053152039555006,1618,LOW_CTR_HIGH_POSITION,Improve title/meta description
187,client_62f4a7e64f5e0096,content_f40ea7a281800ee4,2026-03-04,1617,0,0.0,6.849103277674706,1617,LOW_CTR_HIGH_POSITION,Improve title/meta description
188,client_08a6a72ff48e62c0,content_ca0aa83ba028d4a2,2026-03-01,1615,13,0.00804953560371517,9.113312693498452,1615,LOW_CTR_HIGH_POSITION,Improve title/meta description
189,client_62f4a7e64f5e0096,content_16b0867e41920435,2026-03-02,1612,10,0.00620347394540943,3.247518610421836,1612,LOW_CTR_HIGH_POSITION,Improve title/meta description
190,client_62f4a7e64f5e0096,content_4f27898a633252b1,2026-03-02,1610,8,0.004968944099378882,2.8080745341614906,1610,LOW_CTR_HIGH_POSITION,Improve title/meta description
191,client_73cda7b4e4f265ea,content_7e04a1d823d65e1d,2026-03-01,1608,4,0.0024875621890547263,6.125,1608,LOW_CTR_HIGH_POSITION,Improve title/meta description
192,client_62f4a7e64f5e0096,content_c5760be52a99d357,2026-03-04,1605,10,0.006230529595015576,3.3738317757009346,1605,LOW_CTR_HIGH_POSITION,Improve title/meta description
193,client_73cda7b4e4f265ea,content_b720d2b38730e3cc,2026-03-01,1585,12,0.007570977917981073,2.58801261829653,1585,LOW_CTR_HIGH_POSITION,Improve title/meta description
194,client_62f4a7e64f5e0096,content_a3491b6328a1816f,2026-03-04,1582,2,0.0012642225031605564,1.7073324905183311,1582,LOW_CTR_HIGH_POSITION,Improve title/meta description
195,client_73cda7b4e4f265ea,content_456b4254b508afe3,2026-03-03,1580,7,0.004430379746835443,3.011392405063291,1580,LOW_CTR_HIGH_POSITION,Improve title/meta description
196,client_62f4a7e64f5e0096,content_f556df44c82db0cb,2026-03-02,1565,0,0.0,0.5993610223642173,1565,LOW_CTR_HIGH_POSITION,Improve title/meta description
197,client_62f4a7e64f5e0096,content_f46c5423d104cd1d,2026-03-03,1562,0,0.0,3.2285531370038414,1562,LOW_CTR_HIGH_POSITION,Improve title/meta description
198,client_62f4a7e64f5e0096,content_d473d81819154a8b,2026-03-04,1560,5,0.003205128205128205,3.9108974358974358,1560,LOW_CTR_HIGH_POSITION,Improve title/meta description
199,client_62f4a7e64f5e0096,content_9b650e36b3f48153,2026-03-02,1557,0,0.0,5.149646756583173,1557,LOW_CTR_HIGH_POSITION,Improve title/meta description
200,client_62f4a7e64f5e0096,content_1a1a132b36ef73aa,2026-03-04,1557,0,0.0,7.775850995504174,1557,LOW_CTR_HIGH_POSITION,Improve title/meta description
201,client_e5c2aa26a8598242,content_47a1c9848bdaad11,2026-03-02,1553,21,0.013522215067611075,2.143593045717965,1553,LOW_CTR_HIGH_POSITION,Improve title/meta description
202,client_e547b89c05043229,content_4078e96bf165d4ef,2026-03-04,1553,1,0.000643915003219575,9.582099162910495,1553,LOW_CTR_HIGH_POSITION,Improve title/meta description
203,client_62f4a7e64f5e0096,content_15d741d8bb4143c2,2026-03-04,1550,1,0.0006451612903225806,5.025161290322581,1550,LOW_CTR_HIGH_POSITION,Improve title/meta description
204,client_62f4a7e64f5e0096,content_c7df6bad4322cae5,2026-03-02,1548,4,0.002583979328165375,3.6815245478036176,1548,LOW_CTR_HIGH_POSITION,Improve title/meta description
205,client_62f4a7e64f5e0096,content_07bbef21e6f47f42,2026-03-04,1548,0,0.0,5.398578811369509,1548,LOW_CTR_HIGH_POSITION,Improve title/meta description
206,client_62f4a7e64f5e0096,content_698c89fdb763e8c2,2026-03-04,1548,2,0.0012919896640826874,4.717700258397933,1548,LOW_CTR_HIGH_POSITION,Improve title/meta description
207,client_62f4a7e64f5e0096,content_c17399fef4b801ef,2026-03-02,1547,1,0.0006464124111182935,5.169360051712993,1547,LOW_CTR_HIGH_POSITION,Improve title/meta description
208,client_73cda7b4e4f265ea,content_3fd56bc37f6ac016,2026-03-01,1547,6,0.003878474466709761,2.991596638655462,1547,LOW_CTR_HIGH_POSITION,Improve title/meta description
209,client_73cda7b4e4f265ea,content_8aad23a0bc8288d6,2026-03-01,1544,4,0.0025906735751295338,4.1217616580310885,1544,LOW_CTR_HIGH_POSITION,Improve title/meta description
210,client_20259bd6705d81d4,content_0175875757a5a1b3,2026-03-03,1543,57,0.03694102397926118,5.563188593648737,1543,LOW_CTR_HIGH_POSITION,Improve title/meta description
211,client_62f4a7e64f5e0096,content_38bc3b16b0fe4e5e,2026-03-02,1529,2,0.0013080444735120995,3.8606932635709614,1529,LOW_CTR_HIGH_POSITION,Improve title/meta description
212,client_73cda7b4e4f265ea,content_55e234ab2553d238,2026-03-01,1520,4,0.002631578947368421,3.960526315789474,1520,LOW_CTR_HIGH_POSITION,Improve title/meta description
213,client_73cda7b4e4f265ea,content_dc1b5e1d25657fc9,2026-03-01,1511,1,0.0006618133686300463,5.095962938451357,1511,LOW_CTR_HIGH_POSITION,Improve title/meta description
214,client_62f4a7e64f5e0096,content_655baf0987f85a12,2026-03-02,1504,1,0.0006648936170212766,6.928191489361702,1504,LOW_CTR_HIGH_POSITION,Improve title/meta description
215,client_62f4a7e64f5e0096,content_483a15d1af8fb1a9,2026-03-02,1504,2,0.0013297872340425532,3.9341755319148937,1504,LOW_CTR_HIGH_POSITION,Improve title/meta description
216,client_62f4a7e64f5e0096,content_747ba2f64733ca0f,2026-03-04,1497,0,0.0,7.04809619238477,1497,LOW_CTR_HIGH_POSITION,Improve title/meta description
217,client_e547b89c05043229,content_2d7b116d68e8b40b,2026-03-02,1495,6,0.004013377926421404,4.626086956521739,1495,LOW_CTR_HIGH_POSITION,Improve title/meta description
218,client_62f4a7e64f5e0096,content_5f244c0919a04f65,2026-03-02,1495,1,0.0006688963210702341,4.2501672240802675,1495,LOW_CTR_HIGH_POSITION,Improve title/meta description
219,client_08a6a72ff48e62c0,content_6e61fe8ab067fa06,2026-03-03,1494,1,0.0006693440428380187,6.004016064257028,1494,LOW_CTR_HIGH_POSITION,Improve title/meta description
220,client_e547b89c05043229,content_a7bd184c1d5433d4,2026-03-01,1492,8,0.005361930294906166,6.516085790884718,1492,LOW_CTR_HIGH_POSITION,Improve title/meta description
221,client_62f4a7e64f5e0096,content_91ebac75aa8fac7e,2026-03-02,1490,11,0.00738255033557047,2.793288590604027,1490,LOW_CTR_HIGH_POSITION,Improve title/meta description
222,client_62f4a7e64f5e0096,content_548c0b215889ea79,2026-03-04,1489,5,0.0033579583613163196,4.987911349899261,1489,LOW_CTR_HIGH_POSITION,Improve title/meta description
223,client_e547b89c05043229,content_545bb6cc7081ded3,2026-03-01,1489,3,0.0020147750167897917,2.292813969106783,1489,LOW_CTR_HIGH_POSITION,Improve title/meta description
224,client_73cda7b4e4f265ea,content_06de5368fbd3bf99,2026-03-01,1480,7,0.00472972972972973,5.8587837837837835,1480,LOW_CTR_HIGH_POSITION,Improve title/meta description
225,client_73cda7b4e4f265ea,content_13ffef537bb5ce0d,2026-03-01,1477,1,0.0006770480704129993,3.7163168584969535,1477,LOW_CTR_HIGH_POSITION,Improve title/meta description
226,client_62f4a7e64f5e0096,content_360a75b0695e53c3,2026-03-02,1476,12,0.008130081300813009,2.855691056910569,1476,LOW_CTR_HIGH_POSITION,Improve title/meta description
227,client_73cda7b4e4f265ea,content_78ea61985d4e6833,2026-03-01,1474,7,0.0047489823609226595,5.163500678426051,1474,LOW_CTR_HIGH_POSITION,Improve title/meta description
228,client_62f4a7e64f5e0096,content_cd54f5aa337222bf,2026-03-04,1459,0,0.0,1.4784098697738177,1459,LOW_CTR_HIGH_POSITION,Improve title/meta description
229,client_e547b89c05043229,content_bbf12024947e4fc6,2026-03-01,1455,5,0.003436426116838488,4.120274914089347,1455,LOW_CTR_HIGH_POSITION,Improve title/meta description
230,client_73cda7b4e4f265ea,content_80783c711b40c4f8,2026-03-03,1442,2,0.0013869625520110957,3.221914008321775,1442,LOW_CTR_HIGH_POSITION,Improve title/meta description
231,client_73cda7b4e4f265ea,content_d508c9c6173af446,2026-03-01,1439,5,0.0034746351633078527,4.2988186240444755,1439,LOW_CTR_HIGH_POSITION,Improve title/meta description
232,client_e547b89c05043229,content_4ffe18112a5642e3,2026-03-01,1439,7,0.004864489228630994,2.077831827658096,1439,LOW_CTR_HIGH_POSITION,Improve title/meta description
233,client_73cda7b4e4f265ea,content_37879be4c076df75,2026-03-01,1437,0,0.0,4.062630480167015,1437,LOW_CTR_HIGH_POSITION,Improve title/meta description
234,client_73cda7b4e4f265ea,content_cf9e5d7d47670c3b,2026-03-01,1437,3,0.0020876826722338203,3.6715379262352124,1437,LOW_CTR_HIGH_POSITION,Improve title/meta description
235,client_73cda7b4e4f265ea,content_dab36068531151ce,2026-03-01,1437,3,0.0020876826722338203,4.481558803061935,1437,LOW_CTR_HIGH_POSITION,Improve title/meta description
236,client_62f4a7e64f5e0096,content_cec7aff0183b4aac,2026-03-02,1436,1,0.0006963788300835655,4.527158774373259,1436,LOW_CTR_HIGH_POSITION,Improve title/meta description
237,client_73cda7b4e4f265ea,content_f4d1ac0bfec58535,2026-03-01,1436,2,0.001392757660167131,5.257660167130919,1436,LOW_CTR_HIGH_POSITION,Improve title/meta description
238,client_62f4a7e64f5e0096,content_89b2696060f5f744,2026-03-04,1432,3,0.002094972067039106,5.46159217877095,1432,LOW_CTR_HIGH_POSITION,Improve title/meta description
239,client_62f4a7e64f5e0096,content_d96b8a091dd3790e,2026-03-04,1429,0,0.0,3.9181245626312107,1429,LOW_CTR_HIGH_POSITION,Improve title/meta description
240,client_62f4a7e64f5e0096,content_2aec0b0f58441d56,2026-03-04,1425,1,0.0007017543859649122,4.858245614035088,1425,LOW_CTR_HIGH_POSITION,Improve title/meta description
241,client_62f4a7e64f5e0096,content_a621cc4f6c7bc43a,2026-03-02,1423,0,0.0,7.130709768095572,1423,LOW_CTR_HIGH_POSITION,Improve title/meta description
242,client_62f4a7e64f5e0096,content_819da6d6c68043cb,2026-03-02,1404,7,0.004985754985754986,1.9259259259259258,1404,LOW_CTR_HIGH_POSITION,Improve title/meta description
243,client_62f4a7e64f5e0096,content_e639dfdcc5602075,2026-03-02,1402,2,0.0014265335235378032,3.5320970042796005,1402,LOW_CTR_HIGH_POSITION,Improve title/meta description
244,client_62f4a7e64f5e0096,content_79f06150fb5bb46c,2026-03-02,1400,2,0.0014285714285714286,4.532857142857143,1400,LOW_CTR_HIGH_POSITION,Improve title/meta description
245,client_62f4a7e64f5e0096,content_96cd880cb1714ee7,2026-03-03,1397,2,0.0014316392269148174,4.6349319971367215,1397,LOW_CTR_HIGH_POSITION,Improve title/meta description
246,client_62f4a7e64f5e0096,content_b4968c18f4c12d3e,2026-03-02,1393,2,0.0014357501794687725,5.618808327351041,1393,LOW_CTR_HIGH_POSITION,Improve title/meta description
247,client_e547b89c05043229,content_8d7d99f109e19aa2,2026-03-01,1388,7,0.005043227665706052,2.389048991354467,1388,LOW_CTR_HIGH_POSITION,Improve title/meta description
248,client_e547b89c05043229,content_4078e96bf165d4ef,2026-03-02,1388,2,0.001440922190201729,7.796829971181556,1388,LOW_CTR_HIGH_POSITION,Improve title/meta description
249,client_23a62021009f63c4,content_cd32ab23b32de847,2026-03-03,1382,1,0.000723589001447178,6.243125904486252,1382,LOW_CTR_HIGH_POSITION,Improve title/meta description
250,client_23a62021009f63c4,content_f55e40454abb4538,2026-03-03,1379,2,0.0014503263234227702,3.651921682378535,1379,LOW_CTR_HIGH_POSITION,Improve title/meta description
251,client_62f4a7e64f5e0096,content_28e141afe15f2673,2026-03-02,1379,1,0.0007251631617113851,5.0195794053662075,1379,LOW_CTR_HIGH_POSITION,Improve title/meta description
252,client_e547b89c05043229,content_8a340cd19b3c930a,2026-03-04,1376,0,0.0,5.202761627906977,1376,LOW_CTR_HIGH_POSITION,Improve title/meta description
253,client_62f4a7e64f5e0096,content_80071808216aef39,2026-03-02,1373,5,0.003641660597232338,3.812090313182811,1373,LOW_CTR_HIGH_POSITION,Improve title/meta description
254,client_62f4a7e64f5e0096,content_e3571bdb52cf459d,2026-03-04,1371,4,0.0029175784099197666,3.450036469730124,1371,LOW_CTR_HIGH_POSITION,Improve title/meta description
255,client_62f4a7e64f5e0096,content_f25698d446bb38b0,2026-03-02,1371,6,0.00437636761487965,2.137855579868709,1371,LOW_CTR_HIGH_POSITION,Improve title/meta description
256,client_62f4a7e64f5e0096,content_f72bab8c45e2da3d,2026-03-02,1359,5,0.003679175864606328,3.212656364974246,1359,LOW_CTR_HIGH_POSITION,Improve title/meta description
257,client_62f4a7e64f5e0096,content_7d8b8b008e281b1d,2026-03-02,1359,5,0.003679175864606328,3.677704194260486,1359,LOW_CTR_HIGH_POSITION,Improve title/meta description
258,client_62f4a7e64f5e0096,content_48cb9501333b94af,2026-03-02,1358,1,0.0007363770250368188,4.927835051546392,1358,LOW_CTR_HIGH_POSITION,Improve title/meta description
259,client_e547b89c05043229,content_f32f8f04bcfba3d0,2026-03-04,1355,0,0.0,6.693726937269373,1355,LOW_CTR_HIGH_POSITION,Improve title/meta description
260,client_62f4a7e64f5e0096,content_7ec0907c196c2ffd,2026-03-02,1354,0,0.0,8.052437223042835,1354,LOW_CTR_HIGH_POSITION,Improve title/meta description
261,client_08a6a72ff48e62c0,content_58896512a411011b,2026-03-01,1352,5,0.0036982248520710057,6.737426035502959,1352,LOW_CTR_HIGH_POSITION,Improve title/meta description
262,client_62f4a7e64f5e0096,content_23d51d1e64ef4838,2026-03-02,1351,5,0.003700962250185048,2.3464100666173207,1351,LOW_CTR_HIGH_POSITION,Improve title/meta description
263,client_3197e6291363b4db,content_0cfa3d9d68583bf1,2026-03-02,1350,2,0.0014814814814814814,5.071851851851852,1350,LOW_CTR_HIGH_POSITION,Improve title/meta description
264,client_73cda7b4e4f265ea,content_381e41a7ae8bfb12,2026-03-01,1344,5,0.003720238095238095,3.9055059523809526,1344,LOW_CTR_HIGH_POSITION,Improve title/meta description
265,client_62f4a7e64f5e0096,content_5622389bd481651e,2026-03-02,1340,1,0.0007462686567164179,3.4813432835820897,1340,LOW_CTR_HIGH_POSITION,Improve title/meta description
266,client_73cda7b4e4f265ea,content_0e034bf052f81ee8,2026-03-03,1340,0,0.0,2.325373134328358,1340,LOW_CTR_HIGH_POSITION,Improve title/meta description
267,client_62f4a7e64f5e0096,content_fe203d3be86964b8,2026-03-02,1339,0,0.0,4.603435399551905,1339,LOW_CTR_HIGH_POSITION,Improve title/meta description
268,client_62f4a7e64f5e0096,content_020c951a701b71a6,2026-03-04,1335,0,0.0,0.9333333333333333,1335,LOW_CTR_HIGH_POSITION,Improve title/meta description
269,client_62f4a7e64f5e0096,content_f3c2a15ef57c4b54,2026-03-02,1335,4,0.00299625468164794,6.402247191011236,1335,LOW_CTR_HIGH_POSITION,Improve title/meta description
270,client_62f4a7e64f5e0096,content_60b99970e55b1ac5,2026-03-02,1329,5,0.003762227238525207,3.2866817155756207,1329,LOW_CTR_HIGH_POSITION,Improve title/meta description
271,client_23a62021009f63c4,content_94dcfc79d7e4d8ec,2026-03-03,1328,18,0.01355421686746988,5.498493975903615,1328,LOW_CTR_HIGH_POSITION,Improve title/meta description
272,client_fef1a8f436438636,content_7a02e4bb9d4a379a,2026-03-01,1326,11,0.008295625942684766,3.383107088989442,1326,LOW_CTR_HIGH_POSITION,Improve title/meta description
273,client_e547b89c05043229,content_13248dfe5594c84c,2026-03-01,1326,8,0.006033182503770739,4.161387631975868,1326,LOW_CTR_HIGH_POSITION,Improve title/meta description
274,client_73cda7b4e4f265ea,content_5fe626b7d1dd6ce6,2026-03-01,1321,1,0.000757002271006813,5.461014383043149,1321,LOW_CTR_HIGH_POSITION,Improve title/meta description
275,client_73cda7b4e4f265ea,content_06f0cf40fe8a535f,2026-03-01,1319,8,0.006065200909780136,3.7558756633813495,1319,LOW_CTR_HIGH_POSITION,Improve title/meta description
276,client_62f4a7e64f5e0096,content_e902fad328366326,2026-03-02,1318,3,0.002276176024279211,4.944613050075873,1318,LOW_CTR_HIGH_POSITION,Improve title/meta description
277,client_73cda7b4e4f265ea,content_ada72ae2a2b33800,2026-03-01,1314,4,0.0030441400304414,3.049467275494673,1314,LOW_CTR_HIGH_POSITION,Improve title/meta description
278,client_62f4a7e64f5e0096,content_329d0d067c96437e,2026-03-02,1311,0,0.0,4.050343249427917,1311,LOW_CTR_HIGH_POSITION,Improve title/meta description
279,client_e5c2aa26a8598242,content_70bc458b154ae16c,2026-03-02,1310,4,0.0030534351145038168,6.231297709923664,1310,LOW_CTR_HIGH_POSITION,Improve title/meta description
280,client_62f4a7e64f5e0096,content_b365575f081288c3,2026-03-02,1307,17,0.013006885998469778,3.311400153022188,1307,LOW_CTR_HIGH_POSITION,Improve title/meta description
281,client_62f4a7e64f5e0096,content_c4f86a3488c5dd38,2026-03-04,1306,0,0.0,4.183767228177642,1306,LOW_CTR_HIGH_POSITION,Improve title/meta description
282,client_62f4a7e64f5e0096,content_cca7ad9a46f537bf,2026-03-02,1305,1,0.0007662835249042146,2.6,1305,LOW_CTR_HIGH_POSITION,Improve title/meta description
283,client_e5c2aa26a8598242,content_ef7013c86d07aa99,2026-03-02,1303,32,0.024558710667689946,2.8825786646201075,1303,LOW_CTR_HIGH_POSITION,Improve title/meta description
284,client_62f4a7e64f5e0096,content_3c197dee54b30fe7,2026-03-04,1298,0,0.0,4.424499229583976,1298,LOW_CTR_HIGH_POSITION,Improve title/meta description
285,client_62f4a7e64f5e0096,content_9b65b8b5a6eea7e8,2026-03-04,1296,0,0.0,2.880401234567901,1296,LOW_CTR_HIGH_POSITION,Improve title/meta description
286,client_73cda7b4e4f265ea,content_abc290a4f5446a62,2026-03-01,1294,10,0.0077279752704791345,3.0942812982998453,1294,LOW_CTR_HIGH_POSITION,Improve title/meta description
287,client_62f4a7e64f5e0096,content_1b8d21b3b98cb239,2026-03-02,1294,2,0.0015455950540958269,2.7573415765069553,1294,LOW_CTR_HIGH_POSITION,Improve title/meta description
288,client_0fa64a184f18a4a0,content_fe8328ab251759cc,2026-03-02,1292,0,0.0,9.961300309597524,1292,LOW_CTR_HIGH_POSITION,Improve title/meta description
289,client_62f4a7e64f5e0096,content_9f0bc4bfff93f73f,2026-03-02,1291,6,0.004647560030983733,3.300542215336948,1291,LOW_CTR_HIGH_POSITION,Improve title/meta description
290,client_62f4a7e64f5e0096,content_16e10baff4a5f743,2026-03-02,1286,1,0.0007776049766718507,3.225505443234837,1286,LOW_CTR_HIGH_POSITION,Improve title/meta description
291,client_62f4a7e64f5e0096,content_5f244c0919a04f65,2026-03-04,1283,1,0.000779423226812159,3.6695245518316444,1283,LOW_CTR_HIGH_POSITION,Improve title/meta description
292,client_e547b89c05043229,content_c5d0ccc0aed1a975,2026-03-01,1283,3,0.002338269680436477,4.985190958690569,1283,LOW_CTR_HIGH_POSITION,Improve title/meta description
293,client_73cda7b4e4f265ea,content_e49f863b418af621,2026-03-01,1281,11,0.00858704137392662,3.172521467603435,1281,LOW_CTR_HIGH_POSITION,Improve title/meta description
294,client_62f4a7e64f5e0096,content_e2973b33bcc91ac1,2026-03-02,1280,9,0.00703125,2.903125,1280,LOW_CTR_HIGH_POSITION,Improve title/meta description
295,client_62f4a7e64f5e0096,content_58231cb3eac6d775,2026-03-02,1278,1,0.000782472613458529,5.964788732394366,1278,LOW_CTR_HIGH_POSITION,Improve title/meta description
296,client_62f4a7e64f5e0096,content_ab15a38829f750ee,2026-03-02,1274,0,0.0,4.843799058084772,1274,LOW_CTR_HIGH_POSITION,Improve title/meta description
297,client_e5c2aa26a8598242,content_155b20646ca539f4,2026-03-02,1268,5,0.003943217665615142,6.902208201892744,1268,LOW_CTR_HIGH_POSITION,Improve title/meta description
298,client_62f4a7e64f5e0096,content_74f8665a62f80a8f,2026-03-02,1264,2,0.0015822784810126582,3.8172468354430378,1264,LOW_CTR_HIGH_POSITION,Improve title/meta description
299,client_e547b89c05043229,content_425a23ff83f9f448,2026-03-02,1263,17,0.013460015835312747,5.304829770387965,1263,LOW_CTR_HIGH_POSITION,Improve title/meta description
300,client_e547b89c05043229,content_a6b170f18f827a7f,2026-03-04,1262,9,0.0071315372424722665,5.057052297939778,1262,LOW_CTR_HIGH_POSITION,Improve title/meta description
301,client_62f4a7e64f5e0096,content_58afe4d90a7d594b,2026-03-02,1261,0,0.0,5.7208564631245045,1261,LOW_CTR_HIGH_POSITION,Improve title/meta description
302,client_73cda7b4e4f265ea,content_76f9b5358889447c,2026-03-01,1259,14,0.011119936457505957,2.0031771247021446,1259,LOW_CTR_HIGH_POSITION,Improve title/meta description
303,client_73cda7b4e4f265ea,content_ab30d9c2894ba825,2026-03-01,1256,4,0.0031847133757961785,6.298566878980892,1256,LOW_CTR_HIGH_POSITION,Improve title/meta description
304,client_62f4a7e64f5e0096,content_d8de0f6c7379663a,2026-03-02,1255,5,0.00398406374501992,2.9322709163346614,1255,LOW_CTR_HIGH_POSITION,Improve title/meta description
305,client_62f4a7e64f5e0096,content_cd86e3c4b7c7a71e,2026-03-02,1252,0,0.0,3.286741214057508,1252,LOW_CTR_HIGH_POSITION,Improve title/meta description
306,client_73cda7b4e4f265ea,content_35ea4a32a987be2d,2026-03-01,1252,7,0.005591054313099041,1.6126198083067094,1252,LOW_CTR_HIGH_POSITION,Improve title/meta description
307,client_62f4a7e64f5e0096,content_6f45e403a74c5f59,2026-03-02,1242,1,0.0008051529790660225,4.336553945249597,1242,LOW_CTR_HIGH_POSITION,Improve title/meta description
308,client_e5c2aa26a8598242,content_c3f9ab6da78c2d75,2026-03-02,1240,7,0.00564516129032258,8.512903225806452,1240,LOW_CTR_HIGH_POSITION,Improve title/meta description
309,client_62f4a7e64f5e0096,content_a9d5f6105e67ed73,2026-03-04,1236,0,0.0,6.881877022653722,1236,LOW_CTR_HIGH_POSITION,Improve title/meta description
310,client_62f4a7e64f5e0096,content_b7937e15573cfe43,2026-03-04,1233,0,0.0,3.6626115166261153,1233,LOW_CTR_HIGH_POSITION,Improve title/meta description
311,client_fef1a8f436438636,content_4fdb9cd60244859a,2026-03-01,1229,11,0.008950366151342554,5.840520748576078,1229,LOW_CTR_HIGH_POSITION,Improve title/meta description
312,client_62f4a7e64f5e0096,content_93cc7359119173d8,2026-03-02,1229,0,0.0,4.650935720097641,1229,LOW_CTR_HIGH_POSITION,Improve title/meta description
313,client_fef1a8f436438636,content_811c0e6db6e2cb7b,2026-03-02,1226,2,0.0016313213703099511,3.901305057096248,1226,LOW_CTR_HIGH_POSITION,Improve title/meta description
314,client_73cda7b4e4f265ea,content_be57e90645e0247d,2026-03-01,1225,3,0.0024489795918367346,2.862857142857143,1225,LOW_CTR_HIGH_POSITION,Improve title/meta description
315,client_62f4a7e64f5e0096,content_3960021e7467eaf4,2026-03-02,1224,2,0.0016339869281045752,5.294934640522876,1224,LOW_CTR_HIGH_POSITION,Improve title/meta description
316,client_73cda7b4e4f265ea,content_4bcb72eff0cc03f9,2026-03-01,1224,4,0.0032679738562091504,8.259803921568627,1224,LOW_CTR_HIGH_POSITION,Improve title/meta description
317,client_62f4a7e64f5e0096,content_d2ddcf4f3353c5a0,2026-03-04,1222,12,0.009819967266775777,3.7896890343698852,1222,LOW_CTR_HIGH_POSITION,Improve title/meta description
318,client_62f4a7e64f5e0096,content_0e9b42caaf58c077,2026-03-02,1222,1,0.0008183306055646482,4.133387888707038,1222,LOW_CTR_HIGH_POSITION,Improve title/meta description
319,client_62f4a7e64f5e0096,content_7a34d5eb22e3dc66,2026-03-04,1221,2,0.001638001638001638,5.526617526617526,1221,LOW_CTR_HIGH_POSITION,Improve title/meta description
320,client_62f4a7e64f5e0096,content_cb3a8bee2b1d130e,2026-03-02,1215,1,0.0008230452674897119,4.051851851851852,1215,LOW_CTR_HIGH_POSITION,Improve title/meta description
321,client_e547b89c05043229,content_6fcf433caef4da4d,2026-03-02,1214,11,0.009060955518945634,4.0939044481054365,1214,LOW_CTR_HIGH_POSITION,Improve title/meta description
322,client_fef1a8f436438636,content_fc0d3723ce5a9bba,2026-03-02,1214,1,0.0008237232289950577,8.07660626029654,1214,LOW_CTR_HIGH_POSITION,Improve title/meta description
323,client_62f4a7e64f5e0096,content_31363e6219c75946,2026-03-02,1213,2,0.0016488046166529267,4.287716405605936,1213,LOW_CTR_HIGH_POSITION,Improve title/meta description
324,client_62f4a7e64f5e0096,content_8903bf34506a2f39,2026-03-02,1211,4,0.0033030553261767133,6.559867877786953,1211,LOW_CTR_HIGH_POSITION,Improve title/meta description
325,client_73cda7b4e4f265ea,content_c08376d1a932bbaf,2026-03-01,1206,0,0.0,2.459369817578773,1206,LOW_CTR_HIGH_POSITION,Improve title/meta description
326,client_a80fca3f171ed1de,content_9829a7eeff208ac8,2026-03-03,1206,1,0.0008291873963515755,5.059701492537314,1206,LOW_CTR_HIGH_POSITION,Improve title/meta description
327,client_fef1a8f436438636,content_4fdb9cd60244859a,2026-03-02,1205,6,0.004979253112033195,5.666390041493776,1205,LOW_CTR_HIGH_POSITION,Improve title/meta description
328,client_fef1a8f436438636,content_44036bd37fed72ae,2026-03-01,1202,4,0.0033277870216306157,8.12811980033278,1202,LOW_CTR_HIGH_POSITION,Improve title/meta description
329,client_62f4a7e64f5e0096,content_d207e75c6052588b,2026-03-04,1202,3,0.0024958402662229617,3.8477537437603995,1202,LOW_CTR_HIGH_POSITION,Improve title/meta description
330,client_62f4a7e64f5e0096,content_5781492c6f7da847,2026-03-04,1201,5,0.004163197335553705,3.9983347210657785,1201,LOW_CTR_HIGH_POSITION,Improve title/meta description
331,client_73cda7b4e4f265ea,content_dee34a2aa25f2228,2026-03-01,1196,4,0.0033444816053511705,1.9590301003344481,1196,LOW_CTR_HIGH_POSITION,Improve title/meta description
332,client_e547b89c05043229,content_8640bd84521da19e,2026-03-01,1194,12,0.010050251256281407,2.6013400335008376,1194,LOW_CTR_HIGH_POSITION,Improve title/meta description
333,client_73cda7b4e4f265ea,content_956b25a9b6166133,2026-03-01,1192,2,0.0016778523489932886,2.8162751677852347,1192,LOW_CTR_HIGH_POSITION,Improve title/meta description
334,client_fef1a8f436438636,content_44036bd37fed72ae,2026-03-02,1191,3,0.0025188916876574307,7.576826196473552,1191,LOW_CTR_HIGH_POSITION,Improve title/meta description
335,client_157ffe4d4a595515,content_96b5205db71f91ba,2026-03-01,1189,3,0.002523128679562658,5.1976450798990745,1189,LOW_CTR_HIGH_POSITION,Improve title/meta description
336,client_62f4a7e64f5e0096,content_c60cf72c8b4548bd,2026-03-04,1184,0,0.0,3.8969594594594597,1184,LOW_CTR_HIGH_POSITION,Improve title/meta description
337,client_e5c2aa26a8598242,content_0a5ab31a60b43569,2026-03-02,1175,3,0.002553191489361702,5.1617021276595745,1175,LOW_CTR_HIGH_POSITION,Improve title/meta description
338,client_62f4a7e64f5e0096,content_3af5019a9c1b0940,2026-03-02,1174,11,0.009369676320272573,3.3986371379897786,1174,LOW_CTR_HIGH_POSITION,Improve title/meta description
339,client_62f4a7e64f5e0096,content_3051de65caf07bd1,2026-03-02,1174,0,0.0,5.70442930153322,1174,LOW_CTR_HIGH_POSITION,Improve title/meta description
340,client_62f4a7e64f5e0096,content_26cf2a75be7959e9,2026-03-04,1168,3,0.0025684931506849314,1.7542808219178083,1168,LOW_CTR_HIGH_POSITION,Improve title/meta description
341,client_62f4a7e64f5e0096,content_155b21bb6314d725,2026-03-02,1166,7,0.006003430531732418,3.6998284734133793,1166,LOW_CTR_HIGH_POSITION,Improve title/meta description
342,client_73cda7b4e4f265ea,content_ba8064e423d2c4f7,2026-03-01,1165,5,0.004291845493562232,6.212875536480687,1165,LOW_CTR_HIGH_POSITION,Improve title/meta description
343,client_1a730cb2640a1abf,content_d69718c64f0f46a9,2026-03-02,1164,7,0.006013745704467354,4.524054982817869,1164,LOW_CTR_HIGH_POSITION,Improve title/meta description
344,client_73cda7b4e4f265ea,content_5e3f5c78090b9856,2026-03-01,1162,7,0.006024096385542169,2.450946643717728,1162,LOW_CTR_HIGH_POSITION,Improve title/meta description
345,client_73cda7b4e4f265ea,content_40ffbbae932be2a0,2026-03-01,1160,1,0.0008620689655172414,5.119827586206896,1160,LOW_CTR_HIGH_POSITION,Improve title/meta description
346,client_73cda7b4e4f265ea,content_1da96d74667e613e,2026-03-01,1160,7,0.00603448275862069,3.1198275862068967,1160,LOW_CTR_HIGH_POSITION,Improve title/meta description
347,client_62f4a7e64f5e0096,content_548c0b215889ea79,2026-03-02,1158,4,0.0034542314335060447,4.085492227979275,1158,LOW_CTR_HIGH_POSITION,Improve title/meta description
348,client_73cda7b4e4f265ea,content_8ed3cff8c6597a4a,2026-03-01,1158,10,0.008635578583765112,3.0854922279792745,1158,LOW_CTR_HIGH_POSITION,Improve title/meta description
349,client_62f4a7e64f5e0096,content_12f6c56347d49e26,2026-03-04,1157,1,0.000864304235090752,7.360414866032843,1157,LOW_CTR_HIGH_POSITION,Improve title/meta description
350,client_62f4a7e64f5e0096,content_be675f4946635c0b,2026-03-02,1155,5,0.004329004329004329,2.81038961038961,1155,LOW_CTR_HIGH_POSITION,Improve title/meta description
351,client_73cda7b4e4f265ea,content_91d8af19d84c05a6,2026-03-01,1154,0,0.0,3.9150779896013863,1154,LOW_CTR_HIGH_POSITION,Improve title/meta description
352,client_62f4a7e64f5e0096,content_99b6e8ef427c560f,2026-03-04,1154,1,0.0008665511265164644,4.84315424610052,1154,LOW_CTR_HIGH_POSITION,Improve title/meta description
353,client_62f4a7e64f5e0096,content_0ac566d7dd96a582,2026-03-02,1148,4,0.003484320557491289,2.897212543554007,1148,LOW_CTR_HIGH_POSITION,Improve title/meta description
354,client_23a62021009f63c4,content_097f18aaf044b141,2026-03-03,1147,2,0.0017436791630340018,5.54925893635571,1147,LOW_CTR_HIGH_POSITION,Improve title/meta description
355,client_73cda7b4e4f265ea,content_d1a229d7ec0e9fc5,2026-03-01,1147,6,0.0052310374891020054,2.3696599825632085,1147,LOW_CTR_HIGH_POSITION,Improve title/meta description
356,client_62f4a7e64f5e0096,content_9a136f9ba3924c74,2026-03-02,1147,11,0.00959023539668701,2.25283347863993,1147,LOW_CTR_HIGH_POSITION,Improve title/meta description
357,client_62f4a7e64f5e0096,content_045a0716f0932c4b,2026-03-02,1147,2,0.0017436791630340018,4.289450741063645,1147,LOW_CTR_HIGH_POSITION,Improve title/meta description
358,client_73cda7b4e4f265ea,content_9b6b685c29cdde6b,2026-03-01,1146,1,0.0008726003490401396,2.906631762652705,1146,LOW_CTR_HIGH_POSITION,Improve title/meta description
359,client_62f4a7e64f5e0096,content_70d006fa5dc92f80,2026-03-02,1145,12,0.010480349344978166,3.0820960698689954,1145,LOW_CTR_HIGH_POSITION,Improve title/meta description
360,client_73cda7b4e4f265ea,content_48a06d21f5da46b2,2026-03-01,1140,4,0.0035087719298245615,1.5666666666666667,1140,LOW_CTR_HIGH_POSITION,Improve title/meta description
361,client_e547b89c05043229,content_29caed0f85034d5c,2026-03-04,1140,1,0.0008771929824561404,3.9210526315789473,1140,LOW_CTR_HIGH_POSITION,Improve title/meta description
362,client_62f4a7e64f5e0096,content_1d992d709a8108bb,2026-03-02,1134,0,0.0,6.841269841269841,1134,LOW_CTR_HIGH_POSITION,Improve title/meta description
363,client_62f4a7e64f5e0096,content_0bc11e99b6751f55,2026-03-02,1133,3,0.00264783759929391,2.467784642541924,1133,LOW_CTR_HIGH_POSITION,Improve title/meta description
364,client_73cda7b4e4f265ea,content_6739627a58be5733,2026-03-01,1132,7,0.006183745583038869,1.5335689045936396,1132,LOW_CTR_HIGH_POSITION,Improve title/meta description
365,client_62f4a7e64f5e0096,content_834b105abede2d95,2026-03-02,1131,1,0.0008841732979664014,4.871794871794871,1131,LOW_CTR_HIGH_POSITION,Improve title/meta description
366,client_73cda7b4e4f265ea,content_07becf910983f0c1,2026-03-03,1130,4,0.0035398230088495575,2.9761061946902654,1130,LOW_CTR_HIGH_POSITION,Improve title/meta description
367,client_e547b89c05043229,content_a1ff20c72c0b697f,2026-03-02,1127,6,0.005323868677905945,2.1313220940550135,1127,LOW_CTR_HIGH_POSITION,Improve title/meta description
368,client_62f4a7e64f5e0096,content_3dcf4b41c12ad5d1,2026-03-04,1125,2,0.0017777777777777779,6.807111111111111,1125,LOW_CTR_HIGH_POSITION,Improve title/meta description
369,client_08a6a72ff48e62c0,content_da6a9199461f5061,2026-03-01,1125,6,0.005333333333333333,5.016,1125,LOW_CTR_HIGH_POSITION,Improve title/meta description
370,client_62f4a7e64f5e0096,content_6e381cf4f79edfe4,2026-03-04,1125,1,0.0008888888888888889,6.025777777777778,1125,LOW_CTR_HIGH_POSITION,Improve title/meta description
371,client_73cda7b4e4f265ea,content_456b4254b508afe3,2026-03-01,1122,4,0.0035650623885918,3.74777183600713,1122,LOW_CTR_HIGH_POSITION,Improve title/meta description
372,client_62f4a7e64f5e0096,content_6e2a786d2532b167,2026-03-04,1116,1,0.0008960573476702509,5.282258064516129,1116,LOW_CTR_HIGH_POSITION,Improve title/meta description
373,client_73cda7b4e4f265ea,content_8fd9c6d3e05b031a,2026-03-01,1112,9,0.008093525179856115,3.883093525179856,1112,LOW_CTR_HIGH_POSITION,Improve title/meta description
374,client_73cda7b4e4f265ea,content_07637addbdfe1603,2026-03-01,1110,8,0.007207207207207207,0.5837837837837838,1110,LOW_CTR_HIGH_POSITION,Improve title/meta description
375,client_73cda7b4e4f265ea,content_26fbeb74955d54a5,2026-03-01,1108,4,0.0036101083032490976,2.203971119133574,1108,LOW_CTR_HIGH_POSITION,Improve title/meta description
376,client_62f4a7e64f5e0096,content_3dcf4b41c12ad5d1,2026-03-02,1108,3,0.002707581227436823,6.742779783393502,1108,LOW_CTR_HIGH_POSITION,Improve title/meta description
377,client_62f4a7e64f5e0096,content_9d88af7328c56dd1,2026-03-02,1107,1,0.0009033423667570009,3.6513098464317975,1107,LOW_CTR_HIGH_POSITION,Improve title/meta description
378,client_62f4a7e64f5e0096,content_77f9029c2eae52a4,2026-03-02,1107,4,0.0036133694670280035,4.785004516711834,1107,LOW_CTR_HIGH_POSITION,Improve title/meta description
379,client_62f4a7e64f5e0096,content_c2f1bfbcf792679d,2026-03-04,1106,3,0.0027124773960217,5.805605786618445,1106,LOW_CTR_HIGH_POSITION,Improve title/meta description
380,client_e547b89c05043229,content_2d7b116d68e8b40b,2026-03-01,1104,11,0.009963768115942028,3.778985507246377,1104,LOW_CTR_HIGH_POSITION,Improve title/meta description
381,client_73cda7b4e4f265ea,content_35b347dbec3ca876,2026-03-01,1102,2,0.0018148820326678765,4.842105263157895,1102,LOW_CTR_HIGH_POSITION,Improve title/meta description
382,client_62f4a7e64f5e0096,content_e28621fc72e69f48,2026-03-02,1097,4,0.0036463081130355514,3.5542388331814037,1097,LOW_CTR_HIGH_POSITION,Improve title/meta description
383,client_0fa64a184f18a4a0,content_04b7abe75a1b84f7,2026-03-02,1097,3,0.0027347310847766638,3.3691886964448496,1097,LOW_CTR_HIGH_POSITION,Improve title/meta description
384,client_62f4a7e64f5e0096,content_f4f2781227819b2b,2026-03-02,1093,6,0.0054894784995425435,2.7648673376029276,1093,LOW_CTR_HIGH_POSITION,Improve title/meta description
385,client_23a62021009f63c4,content_a05badf6ec0aae6d,2026-03-03,1093,2,0.0018298261665141812,9.753888380603843,1093,LOW_CTR_HIGH_POSITION,Improve title/meta description
386,client_62f4a7e64f5e0096,content_0337bf14b71f61f7,2026-03-02,1089,0,0.0,3.0725436179981633,1089,LOW_CTR_HIGH_POSITION,Improve title/meta description
387,client_62f4a7e64f5e0096,content_5c11716f0bc53e06,2026-03-04,1088,5,0.004595588235294118,2.463235294117647,1088,LOW_CTR_HIGH_POSITION,Improve title/meta description
388,client_62f4a7e64f5e0096,content_5cd4254950e4a883,2026-03-02,1088,0,0.0,4.5431985294117645,1088,LOW_CTR_HIGH_POSITION,Improve title/meta description
389,client_e547b89c05043229,content_fd7c178012c7839b,2026-03-01,1087,5,0.004599816007359705,2.158233670653174,1087,LOW_CTR_HIGH_POSITION,Improve title/meta description
390,client_73cda7b4e4f265ea,content_91798557b91aa5bd,2026-03-01,1082,2,0.0018484288354898336,6.127541589648798,1082,LOW_CTR_HIGH_POSITION,Improve title/meta description
391,client_62f4a7e64f5e0096,content_5a2007a90d5732fd,2026-03-02,1080,4,0.003703703703703704,2.5824074074074073,1080,LOW_CTR_HIGH_POSITION,Improve title/meta description
392,client_e5c2aa26a8598242,content_9f3aecf00cae32af,2026-03-02,1079,1,0.0009267840593141798,3.068582020389249,1079,LOW_CTR_HIGH_POSITION,Improve title/meta description
393,client_08a6a72ff48e62c0,content_f0e426a2a5eaa4de,2026-03-01,1077,8,0.007428040854224698,5.50974930362117,1077,LOW_CTR_HIGH_POSITION,Improve title/meta description
394,client_e5c2aa26a8598242,content_5b72e8a6a93ca989,2026-03-02,1075,15,0.013953488372093023,1.2902325581395349,1075,LOW_CTR_HIGH_POSITION,Improve title/meta description
395,client_e5c2aa26a8598242,content_f60372c9d20fc1ac,2026-03-02,1074,1,0.000931098696461825,8.534450651769088,1074,LOW_CTR_HIGH_POSITION,Improve title/meta description
396,client_73cda7b4e4f265ea,content_1380729256470720,2026-03-01,1074,0,0.0,2.3202979515828677,1074,LOW_CTR_HIGH_POSITION,Improve title/meta description
397,client_62f4a7e64f5e0096,content_b9d86d8a84504303,2026-03-02,1070,0,0.0,4.173831775700934,1070,LOW_CTR_HIGH_POSITION,Improve title/meta description
398,client_62f4a7e64f5e0096,content_88ef19d77ecb74a3,2026-03-02,1070,1,0.0009345794392523365,3.2383177570093458,1070,LOW_CTR_HIGH_POSITION,Improve title/meta description
399,client_62f4a7e64f5e0096,content_e645e57bf945bef4,2026-03-02,1064,6,0.005639097744360902,1.9323308270676691,1064,LOW_CTR_HIGH_POSITION,Improve title/meta description
400,client_62f4a7e64f5e0096,content_ac691ef094d426a9,2026-03-04,1064,0,0.0,4.5093984962406015,1064,LOW_CTR_HIGH_POSITION,Improve title/meta description
401,client_62f4a7e64f5e0096,content_7e93d8a3ab237e4c,2026-03-02,1064,0,0.0,3.3956766917293235,1064,LOW_CTR_HIGH_POSITION,Improve title/meta description
402,client_73cda7b4e4f265ea,content_e1d43beab5061fac,2026-03-01,1062,6,0.005649717514124294,3.4171374764595104,1062,LOW_CTR_HIGH_POSITION,Improve title/meta description
403,client_73cda7b4e4f265ea,content_17870386d94819ab,2026-03-01,1061,5,0.00471253534401508,5.186616399622997,1061,LOW_CTR_HIGH_POSITION,Improve title/meta description
404,client_1a730cb2640a1abf,content_02413f551a73cbb6,2026-03-02,1059,6,0.0056657223796034,4.708215297450425,1059,LOW_CTR_HIGH_POSITION,Improve title/meta description
405,client_62f4a7e64f5e0096,content_dd6f54446bd356c1,2026-03-04,1059,2,0.0018885741265344666,2.608120868744098,1059,LOW_CTR_HIGH_POSITION,Improve title/meta description
406,client_73cda7b4e4f265ea,content_218015bb545a1c96,2026-03-01,1059,1,0.0009442870632672333,3.2285174693106704,1059,LOW_CTR_HIGH_POSITION,Improve title/meta description
407,client_a80fca3f171ed1de,content_2f37b6df11ab28bb,2026-03-03,1057,1,0.000946073793755913,3.608325449385052,1057,LOW_CTR_HIGH_POSITION,Improve title/meta description
408,client_62f4a7e64f5e0096,content_cf1975c892e7d8fb,2026-03-02,1057,1,0.000946073793755913,1.6140018921475876,1057,LOW_CTR_HIGH_POSITION,Improve title/meta description
409,client_73cda7b4e4f265ea,content_c0c6cfbaa8bb1027,2026-03-01,1057,4,0.003784295175023652,5.492904446546831,1057,LOW_CTR_HIGH_POSITION,Improve title/meta description
410,client_62f4a7e64f5e0096,content_359a1ac781df709b,2026-03-02,1055,0,0.0,3.6824644549763033,1055,LOW_CTR_HIGH_POSITION,Improve title/meta description
411,client_62f4a7e64f5e0096,content_b98e13478cf96432,2026-03-02,1052,8,0.0076045627376425855,3.46958174904943,1052,LOW_CTR_HIGH_POSITION,Improve title/meta description
412,client_e5c2aa26a8598242,content_eab66bca18a1e55a,2026-03-02,1051,8,0.007611798287345386,2.0142721217887725,1051,LOW_CTR_HIGH_POSITION,Improve title/meta description
413,client_e547b89c05043229,content_f57f0a707cf46a0a,2026-03-02,1050,1,0.0009523809523809524,8.52,1050,LOW_CTR_HIGH_POSITION,Improve title/meta description
414,client_e547b89c05043229,content_fd7c178012c7839b,2026-03-02,1047,8,0.007640878701050621,2.194842406876791,1047,LOW_CTR_HIGH_POSITION,Improve title/meta description
415,client_73cda7b4e4f265ea,content_74020f809695e3a8,2026-03-01,1046,11,0.010516252390057362,4.409177820267686,1046,LOW_CTR_HIGH_POSITION,Improve title/meta description
416,client_23a62021009f63c4,content_2f6923190d174bc9,2026-03-03,1044,0,0.0,3.9195402298850577,1044,LOW_CTR_HIGH_POSITION,Improve title/meta description
417,client_73cda7b4e4f265ea,content_94c4c2c4473b56ac,2026-03-01,1044,2,0.0019157088122605363,6.17911877394636,1044,LOW_CTR_HIGH_POSITION,Improve title/meta description
418,client_62f4a7e64f5e0096,content_19e6329384fd8bb3,2026-03-02,1042,6,0.005758157389635317,3.7476007677543186,1042,LOW_CTR_HIGH_POSITION,Improve title/meta description
419,client_62f4a7e64f5e0096,content_4250fd72c1beaeac,2026-03-04,1041,2,0.0019212295869356388,3.578290105667627,1041,LOW_CTR_HIGH_POSITION,Improve title/meta description
420,client_62f4a7e64f5e0096,content_cd54f5aa337222bf,2026-03-02,1041,1,0.0009606147934678194,0.38904899135446686,1041,LOW_CTR_HIGH_POSITION,Improve title/meta description
421,client_62f4a7e64f5e0096,content_542effb263926ea6,2026-03-02,1040,13,0.0125,2.5701923076923077,1040,LOW_CTR_HIGH_POSITION,Improve title/meta description
422,client_62f4a7e64f5e0096,content_57c49b5d9d864c5d,2026-03-02,1038,6,0.005780346820809248,3.1946050096339116,1038,LOW_CTR_HIGH_POSITION,Improve title/meta description
423,client_e547b89c05043229,content_950994106f54590c,2026-03-01,1038,3,0.002890173410404624,2.9258188824662814,1038,LOW_CTR_HIGH_POSITION,Improve title/meta description
424,client_e547b89c05043229,content_32c47aebe6641065,2026-03-02,1037,7,0.006750241080038573,2.317261330761813,1037,LOW_CTR_HIGH_POSITION,Improve title/meta description
425,client_62f4a7e64f5e0096,content_addada927151d652,2026-03-02,1036,5,0.004826254826254826,3.72007722007722,1036,LOW_CTR_HIGH_POSITION,Improve title/meta description
426,client_73cda7b4e4f265ea,content_2f6661dcd4d2b508,2026-03-01,1034,5,0.004835589941972921,4.697292069632495,1034,LOW_CTR_HIGH_POSITION,Improve title/meta description
427,client_62f4a7e64f5e0096,content_b7a37714b5129650,2026-03-04,1033,7,0.006776379477250726,4.1732817037754115,1033,LOW_CTR_HIGH_POSITION,Improve title/meta description
428,client_62f4a7e64f5e0096,content_ed50f7f4237a3d02,2026-03-02,1032,2,0.001937984496124031,2.5193798449612403,1032,LOW_CTR_HIGH_POSITION,Improve title/meta description
429,client_62f4a7e64f5e0096,content_ef6af88bad72a72e,2026-03-04,1032,2,0.001937984496124031,5.2102713178294575,1032,LOW_CTR_HIGH_POSITION,Improve title/meta description
430,client_62f4a7e64f5e0096,content_6edc9af5a3414f41,2026-03-02,1030,0,0.0,4.236893203883495,1030,LOW_CTR_HIGH_POSITION,Improve title/meta description
431,client_62f4a7e64f5e0096,content_a53b8190991c3dc3,2026-03-02,1029,0,0.0,0.5636540330417882,1029,LOW_CTR_HIGH_POSITION,Improve title/meta description
432,client_62f4a7e64f5e0096,content_e63e7328c44524b8,2026-03-02,1027,3,0.0029211295034079843,2.988315481986368,1027,LOW_CTR_HIGH_POSITION,Improve title/meta description
433,client_62f4a7e64f5e0096,content_2759cf1233ccc374,2026-03-04,1026,0,0.0,6.69785575048733,1026,LOW_CTR_HIGH_POSITION,Improve title/meta description
434,client_e547b89c05043229,content_cef9e1fdcf267066,2026-03-02,1023,5,0.004887585532746823,3.5288367546432062,1023,LOW_CTR_HIGH_POSITION,Improve title/meta description
435,client_62f4a7e64f5e0096,content_eb5faf2096e5c856,2026-03-04,1021,3,0.002938295788442703,4.278158667972576,1021,LOW_CTR_HIGH_POSITION,Improve title/meta description
436,client_62f4a7e64f5e0096,content_6a56a2183dc01691,2026-03-02,1018,1,0.0009823182711198428,0.4430255402750491,1018,LOW_CTR_HIGH_POSITION,Improve title/meta description
437,client_fef1a8f436438636,content_69560b448e635cdc,2026-03-01,1018,3,0.0029469548133595285,5.512770137524558,1018,LOW_CTR_HIGH_POSITION,Improve title/meta description
438,client_73cda7b4e4f265ea,content_e63d80145155dffa,2026-03-01,1017,3,0.0029498525073746312,5.210422812192724,1017,LOW_CTR_HIGH_POSITION,Improve title/meta description
439,client_fef1a8f436438636,content_f2198db260d51232,2026-03-02,1016,1,0.000984251968503937,5.767716535433071,1016,LOW_CTR_HIGH_POSITION,Improve title/meta description
440,client_08a6a72ff48e62c0,content_37790b6d3f033fc2,2026-03-01,1014,2,0.0019723865877712033,4.879684418145956,1014,LOW_CTR_HIGH_POSITION,Improve title/meta description
441,client_fef1a8f436438636,content_f5bf7728c2d5a382,2026-03-01,1014,6,0.005917159763313609,8.79585798816568,1014,LOW_CTR_HIGH_POSITION,Improve title/meta description
442,client_62f4a7e64f5e0096,content_9735b91c0c329f66,2026-03-02,1012,0,0.0,7.351778656126482,1012,LOW_CTR_HIGH_POSITION,Improve title/meta description
443,client_62f4a7e64f5e0096,content_477135445684a92c,2026-03-04,1011,1,0.0009891196834817012,4.307616221562809,1011,LOW_CTR_HIGH_POSITION,Improve title/meta description
444,client_73cda7b4e4f265ea,content_80defaa591cc33a3,2026-03-01,1009,2,0.0019821605550049554,5.367690782953419,1009,LOW_CTR_HIGH_POSITION,Improve title/meta description
445,client_73cda7b4e4f265ea,content_7a4275beaf7228ae,2026-03-01,1009,6,0.005946481665014866,4.016848364717542,1009,LOW_CTR_HIGH_POSITION,Improve title/meta description
446,client_23a62021009f63c4,content_496ecabe1eae48bb,2026-03-01,1008,1,0.000992063492063492,5.498015873015873,1008,LOW_CTR_HIGH_POSITION,Improve title/meta description
447,client_e547b89c05043229,content_17608f489483f8f8,2026-03-02,1008,2,0.001984126984126984,5.661706349206349,1008,LOW_CTR_HIGH_POSITION,Improve title/meta description
448,client_73cda7b4e4f265ea,content_edd2afee4966bf2c,2026-03-01,1006,7,0.006958250497017893,5.572564612326044,1006,LOW_CTR_HIGH_POSITION,Improve title/meta description
449,client_e547b89c05043229,content_30f514bd838330f1,2026-03-02,1006,3,0.002982107355864811,7.20675944333996,1006,LOW_CTR_HIGH_POSITION,Improve title/meta description
450,client_62f4a7e64f5e0096,content_5ae298a9146042e4,2026-03-02,1005,1,0.0009950248756218905,2.825870646766169,1005,LOW_CTR_HIGH_POSITION,Improve title/meta description
451,client_73cda7b4e4f265ea,content_d6813637ed8f2857,2026-03-01,1004,1,0.00099601593625498,4.298804780876494,1004,LOW_CTR_HIGH_POSITION,Improve title/meta description
452,client_73cda7b4e4f265ea,content_95a37cfbec45c6e3,2026-03-01,1004,3,0.00298804780876494,3.8715139442231075,1004,LOW_CTR_HIGH_POSITION,Improve title/meta description
453,client_62f4a7e64f5e0096,content_d7b1c14ad7215b8b,2026-03-04,1003,1,0.0009970089730807576,7.790628115653041,1003,LOW_CTR_HIGH_POSITION,Improve title/meta description
454,client_e547b89c05043229,content_ac9e4093db552fb8,2026-03-01,1001,3,0.002997002997002997,3.4995004995004995,1001,LOW_CTR_HIGH_POSITION,Improve title/meta description
455,client_fef1a8f436438636,content_af5b4353b7535553,2026-03-01,998,8,0.008016032064128256,7.967935871743487,998,LOW_CTR_HIGH_POSITION,Improve title/meta description
456,client_73cda7b4e4f265ea,content_af8d53b45d83432c,2026-03-01,995,1,0.0010050251256281408,6.872361809045226,995,LOW_CTR_HIGH_POSITION,Improve title/meta description
457,client_e547b89c05043229,content_e7a853fe7ab6c5c4,2026-03-02,994,1,0.001006036217303823,3.8541247484909458,994,LOW_CTR_HIGH_POSITION,Improve title/meta description
458,client_62f4a7e64f5e0096,content_6209f9c400562aa1,2026-03-02,994,1,0.001006036217303823,6.7434607645875255,994,LOW_CTR_HIGH_POSITION,Improve title/meta description
459,client_62f4a7e64f5e0096,content_2aec0b0f58441d56,2026-03-02,993,2,0.002014098690835851,4.521651560926485,993,LOW_CTR_HIGH_POSITION,Improve title/meta description
460,client_23a62021009f63c4,content_0c7c18aff4a76a81,2026-03-03,993,13,0.013091641490433032,9.526686807653576,993,LOW_CTR_HIGH_POSITION,Improve title/meta description
461,client_62f4a7e64f5e0096,content_27a81c95eb6a5077,2026-03-02,992,0,0.0,4.793346774193548,992,LOW_CTR_HIGH_POSITION,Improve title/meta description
462,client_e547b89c05043229,content_15cfaf0af3f40954,2026-03-01,992,6,0.006048387096774193,1.810483870967742,992,LOW_CTR_HIGH_POSITION,Improve title/meta description
463,client_73cda7b4e4f265ea,content_36de8dadf208c4b9,2026-03-01,992,1,0.0010080645161290322,6.237903225806452,992,LOW_CTR_HIGH_POSITION,Improve title/meta description
464,client_62f4a7e64f5e0096,content_28aa5771662f7787,2026-03-02,992,4,0.004032258064516129,2.776209677419355,992,LOW_CTR_HIGH_POSITION,Improve title/meta description
465,client_73cda7b4e4f265ea,content_8c6af5fa661b72a1,2026-03-01,990,1,0.00101010101010101,4.36060606060606,990,LOW_CTR_HIGH_POSITION,Improve title/meta description
466,client_62f4a7e64f5e0096,content_a8877bbb6d4bad9e,2026-03-04,989,2,0.0020222446916076846,6.246713852376137,989,LOW_CTR_HIGH_POSITION,Improve title/meta description
467,client_fef1a8f436438636,content_fc0d3723ce5a9bba,2026-03-01,988,0,0.0,8.105263157894736,988,LOW_CTR_HIGH_POSITION,Improve title/meta description
468,client_62f4a7e64f5e0096,content_f6ae2bea427a2972,2026-03-02,988,14,0.01417004048582996,2.632591093117409,988,LOW_CTR_HIGH_POSITION,Improve title/meta description
469,client_e547b89c05043229,content_2d67315fb8cc31db,2026-03-02,988,2,0.0020242914979757085,0.631578947368421,988,LOW_CTR_HIGH_POSITION,Improve title/meta description
470,client_62f4a7e64f5e0096,content_d7070d624944fe94,2026-03-02,988,1,0.0010121457489878543,4.6548582995951415,988,LOW_CTR_HIGH_POSITION,Improve title/meta description
471,client_23a62021009f63c4,content_e58e53897aa58cba,2026-03-03,987,0,0.0,4.63323201621074,987,LOW_CTR_HIGH_POSITION,Improve title/meta description
472,client_62f4a7e64f5e0096,content_df1498fe419f6d3d,2026-03-02,987,0,0.0,5.39209726443769,987,LOW_CTR_HIGH_POSITION,Improve title/meta description
473,client_62f4a7e64f5e0096,content_ee5b27bf1bf4a9e6,2026-03-02,986,4,0.004056795131845842,3.0933062880324544,986,LOW_CTR_HIGH_POSITION,Improve title/meta description
474,client_fef1a8f436438636,content_184ea41438ed3eb6,2026-03-01,984,0,0.0,1.7672764227642277,984,LOW_CTR_HIGH_POSITION,Improve title/meta description
475,client_62f4a7e64f5e0096,content_4606e2aa1e150f96,2026-03-04,984,1,0.0010162601626016261,1.8343495934959348,984,LOW_CTR_HIGH_POSITION,Improve title/meta description
476,client_73cda7b4e4f265ea,content_d656f069ba22c09e,2026-03-01,984,0,0.0,5.4176829268292686,984,LOW_CTR_HIGH_POSITION,Improve title/meta description
477,client_62f4a7e64f5e0096,content_d3038259634f7ce4,2026-03-02,979,1,0.0010214504596527069,6.224719101123595,979,LOW_CTR_HIGH_POSITION,Improve title/meta description
478,client_e547b89c05043229,content_1eb01cbe16d824d5,2026-03-01,978,6,0.006134969325153374,1.3629856850715747,978,LOW_CTR_HIGH_POSITION,Improve title/meta description
479,client_62f4a7e64f5e0096,content_689f7a02d7252b1e,2026-03-02,976,2,0.0020491803278688526,4.563524590163935,976,LOW_CTR_HIGH_POSITION,Improve title/meta description
480,client_62f4a7e64f5e0096,content_3e07fb36c28b980e,2026-03-02,976,0,0.0,6.871926229508197,976,LOW_CTR_HIGH_POSITION,Improve title/meta description
481,client_62f4a7e64f5e0096,content_d41c406c81d4819b,2026-03-04,975,4,0.0041025641025641026,7.024615384615385,975,LOW_CTR_HIGH_POSITION,Improve title/meta description
482,client_73cda7b4e4f265ea,content_8c6d8360702fff11,2026-03-01,974,0,0.0,7.460985626283367,974,LOW_CTR_HIGH_POSITION,Improve title/meta description
483,client_23a62021009f63c4,content_13c2c7cae526bf93,2026-03-01,973,0,0.0,0.3340184994861254,973,LOW_CTR_HIGH_POSITION,Improve title/meta description
484,client_73cda7b4e4f265ea,content_2b2093a2638a118e,2026-03-03,971,0,0.0,2.981462409886715,971,LOW_CTR_HIGH_POSITION,Improve title/meta description
485,client_62f4a7e64f5e0096,content_c17399fef4b801ef,2026-03-04,971,1,0.0010298661174047373,5.1915550978372815,971,LOW_CTR_HIGH_POSITION,Improve title/meta description
486,client_73cda7b4e4f265ea,content_d14582157a5765d7,2026-03-01,971,0,0.0,3.773429454170958,971,LOW_CTR_HIGH_POSITION,Improve title/meta description
487,client_62f4a7e64f5e0096,content_31c9c11327ff44d4,2026-03-02,970,4,0.004123711340206186,1.6484536082474226,970,LOW_CTR_HIGH_POSITION,Improve title/meta description
488,client_62f4a7e64f5e0096,content_dcbcd17dfc6e4e76,2026-03-04,970,3,0.003092783505154639,4.197938144329897,970,LOW_CTR_HIGH_POSITION,Improve title/meta description
489,client_62f4a7e64f5e0096,content_f46c5423d104cd1d,2026-03-01,969,0,0.0,2.7327141382868936,969,LOW_CTR_HIGH_POSITION,Improve title/meta description
490,client_62f4a7e64f5e0096,content_fc67675904376267,2026-03-02,969,0,0.0,2.2703818369453046,969,LOW_CTR_HIGH_POSITION,Improve title/meta description
491,client_62f4a7e64f5e0096,content_2e4732a91f6c46d1,2026-03-02,968,2,0.002066115702479339,2.450413223140496,968,LOW_CTR_HIGH_POSITION,Improve title/meta description
492,client_e547b89c05043229,content_5ab6aec4da189fa5,2026-03-01,968,7,0.007231404958677686,3.7768595041322315,968,LOW_CTR_HIGH_POSITION,Improve title/meta description
493,client_62f4a7e64f5e0096,content_7f739375dd053693,2026-03-04,967,0,0.0,7.467425025853154,967,LOW_CTR_HIGH_POSITION,Improve title/meta description
494,client_62f4a7e64f5e0096,content_e3571bdb52cf459d,2026-03-02,966,4,0.004140786749482402,2.900621118012422,966,LOW_CTR_HIGH_POSITION,Improve title/meta description
495,client_62f4a7e64f5e0096,content_ab163b9b03e14edd,2026-03-04,965,0,0.0,6.949222797927461,965,LOW_CTR_HIGH_POSITION,Improve title/meta description
496,client_62f4a7e64f5e0096,content_bdd44c64dfe8e06d,2026-03-02,964,0,0.0,2.7769709543568464,964,LOW_CTR_HIGH_POSITION,Improve title/meta description
497,client_73cda7b4e4f265ea,content_9720b0f337f91525,2026-03-03,961,1,0.001040582726326743,3.50156087408949,961,LOW_CTR_HIGH_POSITION,Improve title/meta description
498,client_e547b89c05043229,content_d90739b5761e5df3,2026-03-01,961,11,0.011446409989594173,4.336108220603538,961,LOW_CTR_HIGH_POSITION,Improve title/meta description
499,client_62f4a7e64f5e0096,content_83de26413b1c8da6,2026-03-02,961,2,0.002081165452653486,3.987513007284079,961,LOW_CTR_HIGH_POSITION,Improve title/meta description
500,client_62f4a7e64f5e0096,content_a7b383d517ba8a7c,2026-03-02,960,0,0.0,3.075,960,LOW_CTR_HIGH_POSITION,Improve title/meta description
501,client_62f4a7e64f5e0096,content_9d682d28c2809137,2026-03-02,959,2,0.0020855057351407717,3.319082377476538,959,LOW_CTR_HIGH_POSITION,Improve title/meta description
502,client_73cda7b4e4f265ea,content_6bfba4b70091187a,2026-03-01,958,1,0.0010438413361169101,4.8058455114822545,958,LOW_CTR_HIGH_POSITION,Improve title/meta description
503,client_23a62021009f63c4,content_c4f5512e1c243ed2,2026-03-03,956,18,0.01882845188284519,5.2154811715481175,956,LOW_CTR_HIGH_POSITION,Improve title/meta description
504,client_62f4a7e64f5e0096,content_87e4bde67ef5dea8,2026-03-02,956,5,0.005230125523012552,2.674686192468619,956,LOW_CTR_HIGH_POSITION,Improve title/meta description
505,client_62f4a7e64f5e0096,content_488fdbdd80d70a88,2026-03-03,956,1,0.0010460251046025104,3.805439330543933,956,LOW_CTR_HIGH_POSITION,Improve title/meta description
506,client_73cda7b4e4f265ea,content_9b57f9474122e482,2026-03-01,955,5,0.005235602094240838,2.926701570680628,955,LOW_CTR_HIGH_POSITION,Improve title/meta description
507,client_62f4a7e64f5e0096,content_56f941face90a36b,2026-03-02,955,1,0.0010471204188481676,3.2806282722513087,955,LOW_CTR_HIGH_POSITION,Improve title/meta description
508,client_73cda7b4e4f265ea,content_6a9c79f55413b447,2026-03-01,952,6,0.0063025210084033615,1.8644957983193278,952,LOW_CTR_HIGH_POSITION,Improve title/meta description
509,client_73cda7b4e4f265ea,content_80783c711b40c4f8,2026-03-01,952,0,0.0,3.148109243697479,952,LOW_CTR_HIGH_POSITION,Improve title/meta description
510,client_62f4a7e64f5e0096,content_f262f6a8b966b2b6,2026-03-02,952,1,0.0010504201680672268,5.008403361344538,952,LOW_CTR_HIGH_POSITION,Improve title/meta description
511,client_62f4a7e64f5e0096,content_ad2cefebac8d76a7,2026-03-02,951,1,0.0010515247108307045,5.176656151419558,951,LOW_CTR_HIGH_POSITION,Improve title/meta description
512,client_62f4a7e64f5e0096,content_7a582212991a3212,2026-03-02,951,2,0.002103049421661409,2.2187171398527865,951,LOW_CTR_HIGH_POSITION,Improve title/meta description
513,client_23a62021009f63c4,content_3539d16ff8091e01,2026-03-03,950,12,0.01263157894736842,6.030526315789474,950,LOW_CTR_HIGH_POSITION,Improve title/meta description
514,client_73cda7b4e4f265ea,content_16c3c908449c75f2,2026-03-01,947,0,0.0,5.880675818373812,947,LOW_CTR_HIGH_POSITION,Improve title/meta description
515,client_23a62021009f63c4,content_10e93bca0ed26cd2,2026-03-03,945,0,0.0,9.665608465608466,945,LOW_CTR_HIGH_POSITION,Improve title/meta description
516,client_62f4a7e64f5e0096,content_b11bf252593c03a0,2026-03-02,945,0,0.0,5.3121693121693125,945,LOW_CTR_HIGH_POSITION,Improve title/meta description
517,client_73cda7b4e4f265ea,content_f16ee5979097c419,2026-03-01,945,11,0.01164021164021164,3.9195767195767197,945,LOW_CTR_HIGH_POSITION,Improve title/meta description
518,client_62f4a7e64f5e0096,content_03eb35117173386d,2026-03-02,945,1,0.0010582010582010583,3.6560846560846563,945,LOW_CTR_HIGH_POSITION,Improve title/meta description
519,client_e547b89c05043229,content_90e48d5722c48b88,2026-03-02,942,10,0.010615711252653927,4.910828025477707,942,LOW_CTR_HIGH_POSITION,Improve title/meta description
520,client_73cda7b4e4f265ea,content_eb44431a8f49ae76,2026-03-01,941,5,0.005313496280552604,5.333687566418703,941,LOW_CTR_HIGH_POSITION,Improve title/meta description
521,client_23a62021009f63c4,content_2f2c171c95afafb2,2026-03-01,941,1,0.0010626992561105207,8.71519659936238,941,LOW_CTR_HIGH_POSITION,Improve title/meta description
522,client_62f4a7e64f5e0096,content_8676d6d3d45d1f27,2026-03-04,936,0,0.0,4.30448717948718,936,LOW_CTR_HIGH_POSITION,Improve title/meta description
523,client_73cda7b4e4f265ea,content_ce78d1eaabd3fc7a,2026-03-01,936,4,0.004273504273504274,2.6880341880341883,936,LOW_CTR_HIGH_POSITION,Improve title/meta description
524,client_73cda7b4e4f265ea,content_56f5f4884bf75333,2026-03-01,936,9,0.009615384615384616,1.9636752136752136,936,LOW_CTR_HIGH_POSITION,Improve title/meta description
525,client_62f4a7e64f5e0096,content_aa4ea76e0151d0eb,2026-03-03,934,0,0.0,5.352248394004283,934,LOW_CTR_HIGH_POSITION,Improve title/meta description
526,client_157ffe4d4a595515,content_d2921273dd6391e7,2026-03-01,934,1,0.0010706638115631692,4.779443254817987,934,LOW_CTR_HIGH_POSITION,Improve title/meta description
527,client_e547b89c05043229,content_d6d0891360321948,2026-03-01,934,5,0.0053533190578158455,3.9635974304068524,934,LOW_CTR_HIGH_POSITION,Improve title/meta description
528,client_62f4a7e64f5e0096,content_6806a3851020f937,2026-03-02,934,1,0.0010706638115631692,5.920770877944325,934,LOW_CTR_HIGH_POSITION,Improve title/meta description
529,client_73cda7b4e4f265ea,content_c79d24a701ffcd6c,2026-03-01,933,2,0.0021436227224008574,6.327974276527331,933,LOW_CTR_HIGH_POSITION,Improve title/meta description
530,client_3197e6291363b4db,content_22588e765b93dfac,2026-03-02,932,0,0.0,7.782188841201717,932,LOW_CTR_HIGH_POSITION,Improve title/meta description
531,client_62f4a7e64f5e0096,content_3ef05491f2780e7a,2026-03-02,932,2,0.002145922746781116,3.5590128755364807,932,LOW_CTR_HIGH_POSITION,Improve title/meta description
532,client_62f4a7e64f5e0096,content_0bc46e4a4c870ee2,2026-03-02,931,0,0.0,4.485499462943072,931,LOW_CTR_HIGH_POSITION,Improve title/meta description
533,client_62f4a7e64f5e0096,content_a94b327e49932611,2026-03-04,928,0,0.0,8.732758620689655,928,LOW_CTR_HIGH_POSITION,Improve title/meta description
534,client_73cda7b4e4f265ea,content_b5f3280f8d894862,2026-03-01,923,1,0.0010834236186348862,3.0422535211267605,923,LOW_CTR_HIGH_POSITION,Improve title/meta description
535,client_62f4a7e64f5e0096,content_7dd0594e34aa7987,2026-03-02,923,4,0.004333694474539545,5.159263271939328,923,LOW_CTR_HIGH_POSITION,Improve title/meta description
536,client_62f4a7e64f5e0096,content_d4ab52ddf3db55c5,2026-03-04,922,0,0.0,6.3101952277657265,922,LOW_CTR_HIGH_POSITION,Improve title/meta description
537,client_e547b89c05043229,content_09cd2d3efb18d708,2026-03-01,921,5,0.0054288816503800215,3.564603691639522,921,LOW_CTR_HIGH_POSITION,Improve title/meta description
538,client_62f4a7e64f5e0096,content_b7a37714b5129650,2026-03-02,920,4,0.004347826086956522,3.4184782608695654,920,LOW_CTR_HIGH_POSITION,Improve title/meta description
539,client_62f4a7e64f5e0096,content_3fa58de2d3ff05e3,2026-03-04,920,0,0.0,6.853260869565218,920,LOW_CTR_HIGH_POSITION,Improve title/meta description
540,client_e547b89c05043229,content_17608f489483f8f8,2026-03-04,920,1,0.0010869565217391304,4.639130434782609,920,LOW_CTR_HIGH_POSITION,Improve title/meta description
541,client_73cda7b4e4f265ea,content_2b0b9a488d988ba5,2026-03-01,919,2,0.002176278563656148,0.5168661588683352,919,LOW_CTR_HIGH_POSITION,Improve title/meta description
542,client_fef1a8f436438636,content_d2eace6ff45ee30e,2026-03-02,919,2,0.002176278563656148,4.0369967355821545,919,LOW_CTR_HIGH_POSITION,Improve title/meta description
543,client_23a62021009f63c4,content_f897fa674e2f3315,2026-03-01,918,12,0.013071895424836602,6.982570806100218,918,LOW_CTR_HIGH_POSITION,Improve title/meta description
544,client_e5c2aa26a8598242,content_0af239856fe70946,2026-03-02,916,6,0.006550218340611353,2.3275109170305677,916,LOW_CTR_HIGH_POSITION,Improve title/meta description
545,client_fef1a8f436438636,content_69560b448e635cdc,2026-03-02,914,6,0.006564551422319475,5.787746170678337,914,LOW_CTR_HIGH_POSITION,Improve title/meta description
546,client_62f4a7e64f5e0096,content_1f3e9dc36ccf3b17,2026-03-02,913,2,0.002190580503833516,4.437020810514786,913,LOW_CTR_HIGH_POSITION,Improve title/meta description
547,client_62f4a7e64f5e0096,content_945d6ff91386c817,2026-03-02,912,0,0.0,5.982456140350878,912,LOW_CTR_HIGH_POSITION,Improve title/meta description
548,client_23a62021009f63c4,content_94dcfc79d7e4d8ec,2026-03-01,912,12,0.013157894736842105,5.769736842105263,912,LOW_CTR_HIGH_POSITION,Improve title/meta description
549,client_23a62021009f63c4,content_0ca05069ff9c8f43,2026-03-03,911,0,0.0,6.885839736553238,911,LOW_CTR_HIGH_POSITION,Improve title/meta description
550,client_62f4a7e64f5e0096,content_8b9a194c5d27a495,2026-03-02,911,1,0.0010976948408342481,5.597145993413831,911,LOW_CTR_HIGH_POSITION,Improve title/meta description
551,client_62f4a7e64f5e0096,content_909f076ff56b2a82,2026-03-02,910,3,0.0032967032967032967,4.516483516483516,910,LOW_CTR_HIGH_POSITION,Improve title/meta description
552,client_e547b89c05043229,content_f478e12d031c2cf6,2026-03-01,910,0,0.0,0.9703296703296703,910,LOW_CTR_HIGH_POSITION,Improve title/meta description
553,client_62f4a7e64f5e0096,content_e5c2bffdf7bcec18,2026-03-02,909,0,0.0,3.451045104510451,909,LOW_CTR_HIGH_POSITION,Improve title/meta description
554,client_08a6a72ff48e62c0,content_9fef6d28af2236f3,2026-03-01,909,1,0.0011001100110011,7.425742574257426,909,LOW_CTR_HIGH_POSITION,Improve title/meta description
555,client_62f4a7e64f5e0096,content_7d389d78387d8e54,2026-03-02,908,0,0.0,3.0870044052863435,908,LOW_CTR_HIGH_POSITION,Improve title/meta description
556,client_c182d11e4862a37d,content_d2eb49b1f5f3fa34,2026-03-03,907,0,0.0,7.1389195148842335,907,LOW_CTR_HIGH_POSITION,Improve title/meta description
557,client_62f4a7e64f5e0096,content_e5dd70893789107b,2026-03-04,907,7,0.007717750826901874,3.4013230429988974,907,LOW_CTR_HIGH_POSITION,Improve title/meta description
558,client_62f4a7e64f5e0096,content_af4f2cf76ef9f149,2026-03-02,907,2,0.002205071664829107,2.4950385887541344,907,LOW_CTR_HIGH_POSITION,Improve title/meta description
559,client_e547b89c05043229,content_5b5231780a35cb1f,2026-03-01,903,7,0.007751937984496124,2.5359911406423032,903,LOW_CTR_HIGH_POSITION,Improve title/meta description
560,client_62f4a7e64f5e0096,content_e52b3e19bfcfff55,2026-03-03,903,3,0.0033222591362126247,4.64562569213732,903,LOW_CTR_HIGH_POSITION,Improve title/meta description
561,client_62f4a7e64f5e0096,content_fd2a7e03887e7881,2026-03-02,901,2,0.0022197558268590455,2.900110987791343,901,LOW_CTR_HIGH_POSITION,Improve title/meta description
562,client_157ffe4d4a595515,content_73b23dc78a8aecf6,2026-03-01,901,2,0.0022197558268590455,4.263041065482797,901,LOW_CTR_HIGH_POSITION,Improve title/meta description
563,client_62f4a7e64f5e0096,content_eb5faf2096e5c856,2026-03-02,901,1,0.0011098779134295228,1.6470588235294117,901,LOW_CTR_HIGH_POSITION,Improve title/meta description
564,client_62f4a7e64f5e0096,content_8b116848a7a940d3,2026-03-02,899,1,0.0011123470522803114,7.091212458286986,899,LOW_CTR_HIGH_POSITION,Improve title/meta description
565,client_62f4a7e64f5e0096,content_74d95313c25d38e3,2026-03-02,898,2,0.0022271714922048997,3.2015590200445434,898,LOW_CTR_HIGH_POSITION,Improve title/meta description
566,client_62f4a7e64f5e0096,content_e5bd8185db3f6920,2026-03-04,898,2,0.0022271714922048997,3.876391982182628,898,LOW_CTR_HIGH_POSITION,Improve title/meta description
567,client_e547b89c05043229,content_972ccc7535cb4bd5,2026-03-02,898,13,0.014476614699331848,2.5189309576837418,898,LOW_CTR_HIGH_POSITION,Improve title/meta description
568,client_fef1a8f436438636,content_48272175617ff8a4,2026-03-02,896,3,0.0033482142857142855,6.889508928571429,896,LOW_CTR_HIGH_POSITION,Improve title/meta description
569,client_e5c2aa26a8598242,content_8456cf958551f365,2026-03-02,894,14,0.015659955257270694,3.859060402684564,894,LOW_CTR_HIGH_POSITION,Improve title/meta description
570,client_23a62021009f63c4,content_cc3c1e7c8a8a3288,2026-03-03,894,10,0.011185682326621925,8.722595078299776,894,LOW_CTR_HIGH_POSITION,Improve title/meta description
571,client_62f4a7e64f5e0096,content_19c1ecfda86c8d34,2026-03-02,893,1,0.0011198208286674132,3.745800671892497,893,LOW_CTR_HIGH_POSITION,Improve title/meta description
572,client_e547b89c05043229,content_55962d26ce96172b,2026-03-01,891,4,0.004489337822671156,4.854096520763187,891,LOW_CTR_HIGH_POSITION,Improve title/meta description
573,client_23a62021009f63c4,content_deb3c63296d36862,2026-03-01,889,6,0.006749156355455568,8.88413948256468,889,LOW_CTR_HIGH_POSITION,Improve title/meta description
574,client_08a6a72ff48e62c0,content_62ac1586cda3083a,2026-03-01,889,6,0.006749156355455568,3.2632170978627673,889,LOW_CTR_HIGH_POSITION,Improve title/meta description
575,client_73cda7b4e4f265ea,content_097e5d78b823fb45,2026-03-01,888,0,0.0,4.370495495495495,888,LOW_CTR_HIGH_POSITION,Improve title/meta description
576,client_62f4a7e64f5e0096,content_0769febeb565cd4b,2026-03-02,888,3,0.0033783783783783786,4.71509009009009,888,LOW_CTR_HIGH_POSITION,Improve title/meta description
577,client_62f4a7e64f5e0096,content_abbd82186a9b0702,2026-03-02,888,5,0.00563063063063063,1.6813063063063063,888,LOW_CTR_HIGH_POSITION,Improve title/meta description
578,client_3197e6291363b4db,content_d6a559d9a93a3eac,2026-03-03,887,0,0.0,5.3585118376550165,887,LOW_CTR_HIGH_POSITION,Improve title/meta description
579,client_62f4a7e64f5e0096,content_82785dc8e99cebb6,2026-03-02,887,0,0.0,0.2807215332581736,887,LOW_CTR_HIGH_POSITION,Improve title/meta description
580,client_62f4a7e64f5e0096,content_e58fc4b2ba66e756,2026-03-02,886,7,0.007900677200902935,4.068848758465012,886,LOW_CTR_HIGH_POSITION,Improve title/meta description
581,client_e547b89c05043229,content_f3fcc6f5f76176a8,2026-03-02,885,1,0.0011299435028248588,5.505084745762712,885,LOW_CTR_HIGH_POSITION,Improve title/meta description
582,client_e547b89c05043229,content_99d2d91a92668c8f,2026-03-01,884,3,0.003393665158371041,7.419683257918552,884,LOW_CTR_HIGH_POSITION,Improve title/meta description
583,client_62f4a7e64f5e0096,content_0e028b0a150bc68c,2026-03-02,884,1,0.0011312217194570137,0.9445701357466063,884,LOW_CTR_HIGH_POSITION,Improve title/meta description
584,client_62f4a7e64f5e0096,content_97a963a4f735b550,2026-03-02,883,2,0.0022650056625141564,7.916194790486976,883,LOW_CTR_HIGH_POSITION,Improve title/meta description
585,client_62f4a7e64f5e0096,content_4992f88974b31161,2026-03-02,882,0,0.0,5.772108843537415,882,LOW_CTR_HIGH_POSITION,Improve title/meta description
586,client_62f4a7e64f5e0096,content_1ec7134856666805,2026-03-02,882,5,0.005668934240362812,4.656462585034014,882,LOW_CTR_HIGH_POSITION,Improve title/meta description
587,client_62f4a7e64f5e0096,content_b9585b99d98d7c6d,2026-03-02,882,0,0.0,6.475056689342404,882,LOW_CTR_HIGH_POSITION,Improve title/meta description
588,client_62f4a7e64f5e0096,content_c395aa3bdf5e9615,2026-03-02,880,2,0.0022727272727272726,4.986363636363636,880,LOW_CTR_HIGH_POSITION,Improve title/meta description
589,client_73cda7b4e4f265ea,content_7aa3a33d9d18659e,2026-03-01,880,1,0.0011363636363636363,4.494318181818182,880,LOW_CTR_HIGH_POSITION,Improve title/meta description
590,client_62f4a7e64f5e0096,content_7fbbf90f11ceda48,2026-03-02,879,6,0.006825938566552901,4.188850967007964,879,LOW_CTR_HIGH_POSITION,Improve title/meta description
591,client_62f4a7e64f5e0096,content_f61e4a7ec58d9c77,2026-03-02,877,1,0.0011402508551881414,4.091220068415051,877,LOW_CTR_HIGH_POSITION,Improve title/meta description
592,client_62f4a7e64f5e0096,content_337172ae61734532,2026-03-02,877,4,0.004561003420752566,2.2428734321550743,877,LOW_CTR_HIGH_POSITION,Improve title/meta description
593,client_e547b89c05043229,content_e14031ea2e0b59c3,2026-03-01,877,3,0.0034207525655644243,5.241733181299886,877,LOW_CTR_HIGH_POSITION,Improve title/meta description
594,client_62f4a7e64f5e0096,content_fb9e188ee236e5f1,2026-03-04,875,2,0.002285714285714286,4.062857142857143,875,LOW_CTR_HIGH_POSITION,Improve title/meta description
595,client_73cda7b4e4f265ea,content_38480b51c04968a7,2026-03-03,874,0,0.0,4.558352402745996,874,LOW_CTR_HIGH_POSITION,Improve title/meta description
596,client_62f4a7e64f5e0096,content_3af34f71a4f823e5,2026-03-04,874,0,0.0,2.4782608695652173,874,LOW_CTR_HIGH_POSITION,Improve title/meta description
597,client_62f4a7e64f5e0096,content_659b6f6904f5272f,2026-03-02,874,4,0.004576659038901602,4.822654462242563,874,LOW_CTR_HIGH_POSITION,Improve title/meta description
598,client_62f4a7e64f5e0096,content_8434a3d833225ba7,2026-03-03,874,0,0.0,3.6315789473684212,874,LOW_CTR_HIGH_POSITION,Improve title/meta description
599,client_73cda7b4e4f265ea,content_ab19ae312795bef9,2026-03-01,874,0,0.0,6.416475972540046,874,LOW_CTR_HIGH_POSITION,Improve title/meta description
600,client_62f4a7e64f5e0096,content_d207e75c6052588b,2026-03-02,872,2,0.0022935779816513763,3.7408256880733943,872,LOW_CTR_HIGH_POSITION,Improve title/meta description
601,client_62f4a7e64f5e0096,content_f7181dcd90cb4698,2026-03-02,872,1,0.0011467889908256881,3.979357798165138,872,LOW_CTR_HIGH_POSITION,Improve title/meta description
602,client_e547b89c05043229,content_b7fd7101aec0facf,2026-03-02,871,3,0.003444316877152698,4.041331802525832,871,LOW_CTR_HIGH_POSITION,Improve title/meta description
603,client_73cda7b4e4f265ea,content_132c8cc27a73966e,2026-03-01,870,3,0.0034482758620689655,5.880459770114943,870,LOW_CTR_HIGH_POSITION,Improve title/meta description
604,client_e547b89c05043229,content_1a49aa8bb3828fe6,2026-03-01,869,0,0.0,6.8457997698504025,869,LOW_CTR_HIGH_POSITION,Improve title/meta description
605,client_fef1a8f436438636,content_75a09fec636c32ff,2026-03-02,868,6,0.0069124423963133645,8.86405529953917,868,LOW_CTR_HIGH_POSITION,Improve title/meta description
606,client_e5c2aa26a8598242,content_10f3e416478c3350,2026-03-02,867,1,0.0011534025374855825,9.014994232987313,867,LOW_CTR_HIGH_POSITION,Improve title/meta description
607,client_62f4a7e64f5e0096,content_cd48a020560a6cad,2026-03-02,867,1,0.0011534025374855825,2.6286043829296424,867,LOW_CTR_HIGH_POSITION,Improve title/meta description
608,client_e5c2aa26a8598242,content_503e635a5e38a1ce,2026-03-02,867,7,0.008073817762399077,4.611303344867359,867,LOW_CTR_HIGH_POSITION,Improve title/meta description
609,client_e547b89c05043229,content_d36d9bb199ae0664,2026-03-01,866,2,0.0023094688221709007,4.945727482678984,866,LOW_CTR_HIGH_POSITION,Improve title/meta description
610,client_73cda7b4e4f265ea,content_b0131cf61457e916,2026-03-03,866,11,0.012702078521939953,2.356812933025404,866,LOW_CTR_HIGH_POSITION,Improve title/meta description
611,client_73cda7b4e4f265ea,content_1a40bd40d502a6ed,2026-03-01,865,3,0.003468208092485549,5.505202312138728,865,LOW_CTR_HIGH_POSITION,Improve title/meta description
612,client_73cda7b4e4f265ea,content_da43af3d629733a6,2026-03-01,864,1,0.0011574074074074073,4.546296296296297,864,LOW_CTR_HIGH_POSITION,Improve title/meta description
613,client_fef1a8f436438636,content_d2eace6ff45ee30e,2026-03-01,863,4,0.004634994206257242,3.944380069524913,863,LOW_CTR_HIGH_POSITION,Improve title/meta description
614,client_62f4a7e64f5e0096,content_1ec7134856666805,2026-03-04,863,3,0.0034762456546929316,4.245654692931634,863,LOW_CTR_HIGH_POSITION,Improve title/meta description
615,client_62f4a7e64f5e0096,content_4af770270038d6a6,2026-03-02,863,2,0.002317497103128621,3.5156431054461184,863,LOW_CTR_HIGH_POSITION,Improve title/meta description
616,client_73cda7b4e4f265ea,content_a9f835fbf91bd50d,2026-03-01,863,3,0.0034762456546929316,3.178447276940904,863,LOW_CTR_HIGH_POSITION,Improve title/meta description
617,client_73cda7b4e4f265ea,content_1d3d2f16feb5fba3,2026-03-01,862,10,0.01160092807424594,5.234338747099768,862,LOW_CTR_HIGH_POSITION,Improve title/meta description
618,client_e547b89c05043229,content_a6b170f18f827a7f,2026-03-02,862,18,0.02088167053364269,4.790023201856148,862,LOW_CTR_HIGH_POSITION,Improve title/meta description
619,client_08a6a72ff48e62c0,content_522585453fe230f9,2026-03-01,862,0,0.0,5.9466357308584685,862,LOW_CTR_HIGH_POSITION,Improve title/meta description
620,client_62f4a7e64f5e0096,content_a976549f6a60eed3,2026-03-02,862,3,0.0034802784222737818,4.25754060324826,862,LOW_CTR_HIGH_POSITION,Improve title/meta description
621,client_62f4a7e64f5e0096,content_fb48f9ba94e1004b,2026-03-02,860,3,0.0034883720930232558,5.0,860,LOW_CTR_HIGH_POSITION,Improve title/meta description
622,client_23a62021009f63c4,content_fc117f217639d854,2026-03-03,859,11,0.012805587892898719,7.176949941792782,859,LOW_CTR_HIGH_POSITION,Improve title/meta description
623,client_1a730cb2640a1abf,content_d9baf4a8fbc3e593,2026-03-02,859,0,0.0,2.011641443538999,859,LOW_CTR_HIGH_POSITION,Improve title/meta description
624,client_e547b89c05043229,content_e7a853fe7ab6c5c4,2026-03-01,858,0,0.0,3.8053613053613056,858,LOW_CTR_HIGH_POSITION,Improve title/meta description
625,client_73cda7b4e4f265ea,content_ca30c0d950658ce1,2026-03-01,856,0,0.0,8.69392523364486,856,LOW_CTR_HIGH_POSITION,Improve title/meta description
626,client_e5c2aa26a8598242,content_fbbf1f682ae5c5da,2026-03-02,852,11,0.012910798122065728,4.19131455399061,852,LOW_CTR_HIGH_POSITION,Improve title/meta description
627,client_62f4a7e64f5e0096,content_7ef832c8c6f84e5f,2026-03-04,852,0,0.0,7.703051643192488,852,LOW_CTR_HIGH_POSITION,Improve title/meta description
628,client_73cda7b4e4f265ea,content_f1710da9dee7e3ee,2026-03-01,852,1,0.0011737089201877935,3.7687793427230045,852,LOW_CTR_HIGH_POSITION,Improve title/meta description
629,client_62f4a7e64f5e0096,content_1f3e9dc36ccf3b17,2026-03-04,852,0,0.0,4.897887323943662,852,LOW_CTR_HIGH_POSITION,Improve title/meta description
630,client_a80fca3f171ed1de,content_0ea6db8932f4d6ad,2026-03-03,850,2,0.002352941176470588,4.510588235294118,850,LOW_CTR_HIGH_POSITION,Improve title/meta description
631,client_73cda7b4e4f265ea,content_ed0efc826dec0de9,2026-03-01,850,4,0.004705882352941176,3.16,850,LOW_CTR_HIGH_POSITION,Improve title/meta description
632,client_62f4a7e64f5e0096,content_717863f65f8978b5,2026-03-02,849,0,0.0,2.639575971731449,849,LOW_CTR_HIGH_POSITION,Improve title/meta description
633,client_73cda7b4e4f265ea,content_5ec9249716426600,2026-03-01,849,7,0.008244994110718492,2.700824499411072,849,LOW_CTR_HIGH_POSITION,Improve title/meta description
634,client_62f4a7e64f5e0096,content_6e381cf4f79edfe4,2026-03-02,848,1,0.0011792452830188679,5.201650943396227,848,LOW_CTR_HIGH_POSITION,Improve title/meta description
635,client_62f4a7e64f5e0096,content_1d4a5107e299f7bf,2026-03-03,848,5,0.00589622641509434,3.8101415094339623,848,LOW_CTR_HIGH_POSITION,Improve title/meta description
636,client_62f4a7e64f5e0096,content_51ed570a9dfd6126,2026-03-02,847,4,0.004722550177095631,6.46517119244392,847,LOW_CTR_HIGH_POSITION,Improve title/meta description
637,client_62f4a7e64f5e0096,content_6f6a1a24ae3a43ae,2026-03-02,846,2,0.002364066193853428,4.3947990543735225,846,LOW_CTR_HIGH_POSITION,Improve title/meta description
638,client_62f4a7e64f5e0096,content_0ce079da38a7d96f,2026-03-02,845,0,0.0,2.837869822485207,845,LOW_CTR_HIGH_POSITION,Improve title/meta description
639,client_62f4a7e64f5e0096,content_13c78e35ef6983cd,2026-03-02,845,6,0.007100591715976331,4.765680473372781,845,LOW_CTR_HIGH_POSITION,Improve title/meta description
640,client_73cda7b4e4f265ea,content_5767900bef510acf,2026-03-01,844,3,0.0035545023696682463,2.618483412322275,844,LOW_CTR_HIGH_POSITION,Improve title/meta description
641,client_62f4a7e64f5e0096,content_bb360d4e4ddbe952,2026-03-02,843,0,0.0,5.510083036773429,843,LOW_CTR_HIGH_POSITION,Improve title/meta description
642,client_62f4a7e64f5e0096,content_58231cb3eac6d775,2026-03-04,843,2,0.002372479240806643,5.018979833926453,843,LOW_CTR_HIGH_POSITION,Improve title/meta description
643,client_73cda7b4e4f265ea,content_3056179ed7184f5a,2026-03-01,842,0,0.0,4.458432304038005,842,LOW_CTR_HIGH_POSITION,Improve title/meta description
644,client_3197e6291363b4db,content_d6a559d9a93a3eac,2026-03-02,840,2,0.002380952380952381,6.54047619047619,840,LOW_CTR_HIGH_POSITION,Improve title/meta description
645,client_73cda7b4e4f265ea,content_c5698902ef15377c,2026-03-03,839,0,0.0,7.876042908224076,839,LOW_CTR_HIGH_POSITION,Improve title/meta description
646,client_73cda7b4e4f265ea,content_3fd543a530d60270,2026-03-01,839,7,0.00834326579261025,2.1227651966626935,839,LOW_CTR_HIGH_POSITION,Improve title/meta description
647,client_62f4a7e64f5e0096,content_698c89fdb763e8c2,2026-03-02,839,0,0.0,4.425506555423123,839,LOW_CTR_HIGH_POSITION,Improve title/meta description
648,client_62f4a7e64f5e0096,content_8056f0e5eeae945b,2026-03-02,838,0,0.0,4.985680190930788,838,LOW_CTR_HIGH_POSITION,Improve title/meta description
649,client_73cda7b4e4f265ea,content_1a43c6d8c694a55b,2026-03-01,837,2,0.0023894862604540022,2.2664277180406214,837,LOW_CTR_HIGH_POSITION,Improve title/meta description
650,client_fef1a8f436438636,content_debdc59edad2353b,2026-03-01,837,9,0.010752688172043012,5.5173237753882916,837,LOW_CTR_HIGH_POSITION,Improve title/meta description
651,client_62f4a7e64f5e0096,content_9b7343e32723f3e6,2026-03-04,837,4,0.0047789725209080045,3.7335722819593786,837,LOW_CTR_HIGH_POSITION,Improve title/meta description
652,client_e547b89c05043229,content_6fcf433caef4da4d,2026-03-04,836,6,0.007177033492822967,3.075358851674641,836,LOW_CTR_HIGH_POSITION,Improve title/meta description
653,client_e547b89c05043229,content_fe2280adc1ddc4d3,2026-03-02,836,0,0.0,8.183014354066986,836,LOW_CTR_HIGH_POSITION,Improve title/meta description
654,client_73cda7b4e4f265ea,content_5110cd8298e7b26c,2026-03-01,835,5,0.005988023952095809,3.5161676646706588,835,LOW_CTR_HIGH_POSITION,Improve title/meta description
655,client_62f4a7e64f5e0096,content_f0f6a030c428f851,2026-03-02,835,2,0.0023952095808383233,3.367664670658683,835,LOW_CTR_HIGH_POSITION,Improve title/meta description
656,client_73cda7b4e4f265ea,content_0e034bf052f81ee8,2026-03-01,835,0,0.0,1.5209580838323353,835,LOW_CTR_HIGH_POSITION,Improve title/meta description
657,client_73cda7b4e4f265ea,content_d0bc6f51fc39eadf,2026-03-01,834,5,0.005995203836930456,2.031175059952038,834,LOW_CTR_HIGH_POSITION,Improve title/meta description
658,client_73cda7b4e4f265ea,content_2544f9d7055e42db,2026-03-01,833,0,0.0,3.127250900360144,833,LOW_CTR_HIGH_POSITION,Improve title/meta description
659,client_e547b89c05043229,content_2d67315fb8cc31db,2026-03-04,832,0,0.0,0.6730769230769231,832,LOW_CTR_HIGH_POSITION,Improve title/meta description
660,client_08a6a72ff48e62c0,content_2b221276b528248b,2026-03-01,832,10,0.01201923076923077,4.532451923076923,832,LOW_CTR_HIGH_POSITION,Improve title/meta description
661,client_fef1a8f436438636,content_6fe4119dc2ad49c4,2026-03-02,829,0,0.0,2.667068757539204,829,LOW_CTR_HIGH_POSITION,Improve title/meta description
662,client_e547b89c05043229,content_e7536b365bedaf11,2026-03-01,829,5,0.006031363088057901,1.7080820265379977,829,LOW_CTR_HIGH_POSITION,Improve title/meta description
663,client_73cda7b4e4f265ea,content_2d77faca1342f646,2026-03-01,829,1,0.0012062726176115801,4.925211097708082,829,LOW_CTR_HIGH_POSITION,Improve title/meta description
664,client_62f4a7e64f5e0096,content_d28a74038d957c8b,2026-03-02,829,12,0.014475271411338963,3.0989143546441498,829,LOW_CTR_HIGH_POSITION,Improve title/meta description
665,client_62f4a7e64f5e0096,content_9c40060f2104e2b5,2026-03-02,829,3,0.0036188178528347406,5.636911942098914,829,LOW_CTR_HIGH_POSITION,Improve title/meta description
666,client_23a62021009f63c4,content_c466d4277d1f7446,2026-03-03,828,1,0.0012077294685990338,5.716183574879227,828,LOW_CTR_HIGH_POSITION,Improve title/meta description
667,client_3197e6291363b4db,content_1073e371db6e53c4,2026-03-02,827,0,0.0,5.588875453446191,827,LOW_CTR_HIGH_POSITION,Improve title/meta description
668,client_e547b89c05043229,content_29caed0f85034d5c,2026-03-02,827,1,0.0012091898428053204,3.665054413542926,827,LOW_CTR_HIGH_POSITION,Improve title/meta description
669,client_e547b89c05043229,content_fa5bd3a4f9cca004,2026-03-02,827,2,0.0024183796856106408,3.7920193470374848,827,LOW_CTR_HIGH_POSITION,Improve title/meta description
670,client_73cda7b4e4f265ea,content_6a979e7411fc9705,2026-03-01,826,10,0.012106537530266344,2.1041162227602905,826,LOW_CTR_HIGH_POSITION,Improve title/meta description
671,client_62f4a7e64f5e0096,content_b009fc42295b4594,2026-03-02,826,2,0.002421307506053269,1.5871670702179177,826,LOW_CTR_HIGH_POSITION,Improve title/meta description
672,client_62f4a7e64f5e0096,content_f53d830fb7c232c0,2026-03-02,824,0,0.0,8.728155339805825,824,LOW_CTR_HIGH_POSITION,Improve title/meta description
673,client_62f4a7e64f5e0096,content_19c1ecfda86c8d34,2026-03-04,824,0,0.0,3.779126213592233,824,LOW_CTR_HIGH_POSITION,Improve title/meta description
674,client_23a62021009f63c4,content_6982fdcd6a6b28f8,2026-03-01,823,0,0.0,2.0036452004860266,823,LOW_CTR_HIGH_POSITION,Improve title/meta description
675,client_e547b89c05043229,content_5b14e024f39134d6,2026-03-01,822,0,0.0,4.7153284671532845,822,LOW_CTR_HIGH_POSITION,Improve title/meta description
676,client_62f4a7e64f5e0096,content_15381654a02a91f2,2026-03-02,822,0,0.0,1.7518248175182483,822,LOW_CTR_HIGH_POSITION,Improve title/meta description
677,client_62f4a7e64f5e0096,content_03eb35117173386d,2026-03-04,821,1,0.001218026796589525,3.5103532277710108,821,LOW_CTR_HIGH_POSITION,Improve title/meta description
678,client_62f4a7e64f5e0096,content_132477803bfa9976,2026-03-02,820,2,0.0024390243902439024,2.6731707317073172,820,LOW_CTR_HIGH_POSITION,Improve title/meta description
679,client_62f4a7e64f5e0096,content_9735b91c0c329f66,2026-03-04,820,2,0.0024390243902439024,6.931707317073171,820,LOW_CTR_HIGH_POSITION,Improve title/meta description
680,client_62f4a7e64f5e0096,content_ac671311da8857d9,2026-03-04,820,0,0.0,3.2609756097560973,820,LOW_CTR_HIGH_POSITION,Improve title/meta description
681,client_73cda7b4e4f265ea,content_af839db278728cab,2026-03-01,819,2,0.002442002442002442,4.431013431013431,819,LOW_CTR_HIGH_POSITION,Improve title/meta description
682,client_62f4a7e64f5e0096,content_afa34c6df9aff9f3,2026-03-04,819,1,0.001221001221001221,6.910866910866911,819,LOW_CTR_HIGH_POSITION,Improve title/meta description
683,client_e547b89c05043229,content_c46df0fa61530d86,2026-03-01,818,0,0.0,1.7689486552567237,818,LOW_CTR_HIGH_POSITION,Improve title/meta description
684,client_73cda7b4e4f265ea,content_6a979e7411fc9705,2026-03-03,818,7,0.008557457212713936,2.3728606356968216,818,LOW_CTR_HIGH_POSITION,Improve title/meta description
685,client_62f4a7e64f5e0096,content_9c6aeb87af40d77b,2026-03-04,817,1,0.0012239902080783353,2.438188494492044,817,LOW_CTR_HIGH_POSITION,Improve title/meta description
686,client_62f4a7e64f5e0096,content_e16d923bc588bd20,2026-03-02,817,0,0.0,5.668298653610771,817,LOW_CTR_HIGH_POSITION,Improve title/meta description
687,client_fef1a8f436438636,content_77427fdc29befae9,2026-03-02,815,4,0.0049079754601227,8.667484662576687,815,LOW_CTR_HIGH_POSITION,Improve title/meta description
688,client_73cda7b4e4f265ea,content_807dc48a97bb9c63,2026-03-01,813,2,0.0024600246002460025,3.6642066420664205,813,LOW_CTR_HIGH_POSITION,Improve title/meta description
689,client_fef1a8f436438636,content_f5bf7728c2d5a382,2026-03-02,813,1,0.0012300123001230013,9.833948339483396,813,LOW_CTR_HIGH_POSITION,Improve title/meta description
690,client_3197e6291363b4db,content_1073e371db6e53c4,2026-03-03,812,0,0.0,4.906403940886699,812,LOW_CTR_HIGH_POSITION,Improve title/meta description
691,client_e547b89c05043229,content_b7fd7101aec0facf,2026-03-01,812,4,0.0049261083743842365,3.0098522167487687,812,LOW_CTR_HIGH_POSITION,Improve title/meta description
692,client_62f4a7e64f5e0096,content_7db9c1603e3d8b12,2026-03-02,811,2,0.002466091245376079,8.236744759556103,811,LOW_CTR_HIGH_POSITION,Improve title/meta description
693,client_23a62021009f63c4,content_e3667b7329678341,2026-03-03,810,31,0.03827160493827161,5.970370370370371,810,LOW_CTR_HIGH_POSITION,Improve title/meta description
694,client_62f4a7e64f5e0096,content_7b0232537d658ef7,2026-03-02,809,1,0.0012360939431396785,7.299134734239802,809,LOW_CTR_HIGH_POSITION,Improve title/meta description
695,client_fef1a8f436438636,content_184ea41438ed3eb6,2026-03-02,807,3,0.0037174721189591076,2.0247831474597273,807,LOW_CTR_HIGH_POSITION,Improve title/meta description
696,client_23a62021009f63c4,content_84396093bb9e5225,2026-03-03,807,0,0.0,8.883519206939281,807,LOW_CTR_HIGH_POSITION,Improve title/meta description
697,client_62f4a7e64f5e0096,content_5d1aabf2437c1413,2026-03-04,806,1,0.0012406947890818859,4.576923076923077,806,LOW_CTR_HIGH_POSITION,Improve title/meta description
698,client_62f4a7e64f5e0096,content_1a73b777ba0fccca,2026-03-02,805,4,0.004968944099378882,2.719254658385093,805,LOW_CTR_HIGH_POSITION,Improve title/meta description
699,client_e5c2aa26a8598242,content_515263ea2849644c,2026-03-02,804,2,0.0024875621890547263,5.232587064676617,804,LOW_CTR_HIGH_POSITION,Improve title/meta description
700,client_e547b89c05043229,content_1e921148b5fee86a,2026-03-01,804,1,0.0012437810945273632,4.919154228855722,804,LOW_CTR_HIGH_POSITION,Improve title/meta description
701,client_e547b89c05043229,content_d9fb5bb6a304a680,2026-03-01,803,0,0.0,3.347447073474471,803,LOW_CTR_HIGH_POSITION,Improve title/meta description
702,client_73cda7b4e4f265ea,content_a1e7139908e0705d,2026-03-01,803,2,0.0024906600249066002,3.9526774595267744,803,LOW_CTR_HIGH_POSITION,Improve title/meta description
703,client_73cda7b4e4f265ea,content_ca13ed50529296bb,2026-03-01,803,1,0.0012453300124533001,5.806973848069738,803,LOW_CTR_HIGH_POSITION,Improve title/meta description
704,client_62f4a7e64f5e0096,content_91f7685a7f11ee8d,2026-03-02,802,1,0.0012468827930174563,5.012468827930174,802,LOW_CTR_HIGH_POSITION,Improve title/meta description
705,client_e5c2aa26a8598242,content_086879de36c48746,2026-03-02,801,1,0.0012484394506866417,1.6217228464419475,801,LOW_CTR_HIGH_POSITION,Improve title/meta description
706,client_62f4a7e64f5e0096,content_c1227a5c5402f7da,2026-03-02,801,4,0.004993757802746567,4.047440699126092,801,LOW_CTR_HIGH_POSITION,Improve title/meta description
707,client_62f4a7e64f5e0096,content_3f062d3bc21635a2,2026-03-03,799,0,0.0,4.2002503128911135,799,LOW_CTR_HIGH_POSITION,Improve title/meta description
708,client_62f4a7e64f5e0096,content_e0a65c8aab4886bc,2026-03-04,798,0,0.0,5.93984962406015,798,LOW_CTR_HIGH_POSITION,Improve title/meta description
709,client_fef1a8f436438636,content_6b4ba5a247ea6100,2026-03-01,798,6,0.007518796992481203,6.591478696741855,798,LOW_CTR_HIGH_POSITION,Improve title/meta description
710,client_73cda7b4e4f265ea,content_09b32249b5e28acb,2026-03-01,798,6,0.007518796992481203,2.4298245614035086,798,LOW_CTR_HIGH_POSITION,Improve title/meta description
711,client_e547b89c05043229,content_9dcaefd5e410fa14,2026-03-01,798,2,0.002506265664160401,4.7218045112781954,798,LOW_CTR_HIGH_POSITION,Improve title/meta description
712,client_62f4a7e64f5e0096,content_3040d39659d42b3c,2026-03-02,797,5,0.006273525721455458,3.9761606022584695,797,LOW_CTR_HIGH_POSITION,Improve title/meta description
713,client_73cda7b4e4f265ea,content_00926e2c43ec21e6,2026-03-01,796,6,0.007537688442211055,4.266331658291457,796,LOW_CTR_HIGH_POSITION,Improve title/meta description
714,client_62f4a7e64f5e0096,content_7f2ca5c8181757a0,2026-03-04,796,2,0.002512562814070352,2.4974874371859297,796,LOW_CTR_HIGH_POSITION,Improve title/meta description
715,client_e547b89c05043229,content_31f1ec9b1ee6bb89,2026-03-02,796,2,0.002512562814070352,4.097989949748744,796,LOW_CTR_HIGH_POSITION,Improve title/meta description
716,client_62f4a7e64f5e0096,content_b05d2a62da9720c9,2026-03-02,796,1,0.001256281407035176,2.4610552763819094,796,LOW_CTR_HIGH_POSITION,Improve title/meta description
717,client_e547b89c05043229,content_88dfa26a505982e9,2026-03-02,796,0,0.0,2.9057788944723617,796,LOW_CTR_HIGH_POSITION,Improve title/meta description
718,client_62f4a7e64f5e0096,content_4606e2aa1e150f96,2026-03-02,795,2,0.0025157232704402514,4.520754716981132,795,LOW_CTR_HIGH_POSITION,Improve title/meta description
719,client_62f4a7e64f5e0096,content_d7b1c14ad7215b8b,2026-03-02,795,0,0.0,6.0352201257861635,795,LOW_CTR_HIGH_POSITION,Improve title/meta description
720,client_62f4a7e64f5e0096,content_ab232613fde80b3a,2026-03-04,794,0,0.0,4.238035264483627,794,LOW_CTR_HIGH_POSITION,Improve title/meta description
721,client_62f4a7e64f5e0096,content_ff8941941141101f,2026-03-02,793,3,0.0037831021437578815,1.532156368221942,793,LOW_CTR_HIGH_POSITION,Improve title/meta description
722,client_b10cb2997d0c7c86,content_e32ff455bb56bf8f,2026-03-02,793,8,0.01008827238335435,5.539722572509458,793,LOW_CTR_HIGH_POSITION,Improve title/meta description
723,client_62f4a7e64f5e0096,content_cfa688665f1b4dad,2026-03-03,791,0,0.0,3.766118836915297,791,LOW_CTR_HIGH_POSITION,Improve title/meta description
724,client_62f4a7e64f5e0096,content_87cd7a23ced9f153,2026-03-02,791,3,0.0037926675094816687,4.694058154235146,791,LOW_CTR_HIGH_POSITION,Improve title/meta description
725,client_62f4a7e64f5e0096,content_93cc7359119173d8,2026-03-04,791,1,0.0012642225031605564,5.991150442477876,791,LOW_CTR_HIGH_POSITION,Improve title/meta description
726,client_73cda7b4e4f265ea,content_9720b0f337f91525,2026-03-01,790,2,0.002531645569620253,3.8177215189873417,790,LOW_CTR_HIGH_POSITION,Improve title/meta description
727,client_08a6a72ff48e62c0,content_7852dc3d5014053d,2026-03-01,790,0,0.0,9.443037974683545,790,LOW_CTR_HIGH_POSITION,Improve title/meta description
728,client_23a62021009f63c4,content_1b320fe45c240334,2026-03-03,789,11,0.01394169835234474,9.688212927756654,789,LOW_CTR_HIGH_POSITION,Improve title/meta description
729,client_62f4a7e64f5e0096,content_70cf18419995420d,2026-03-04,789,0,0.0,5.228136882129277,789,LOW_CTR_HIGH_POSITION,Improve title/meta description
730,client_73cda7b4e4f265ea,content_9ea1eff7e514b02c,2026-03-01,789,2,0.0025348542458808617,5.073510773130545,789,LOW_CTR_HIGH_POSITION,Improve title/meta description
731,client_62f4a7e64f5e0096,content_4538895f352a7a9c,2026-03-04,789,0,0.0,7.272496831432193,789,LOW_CTR_HIGH_POSITION,Improve title/meta description
732,client_62f4a7e64f5e0096,content_f66ba61f0ac84641,2026-03-02,788,8,0.01015228426395939,2.5393401015228427,788,LOW_CTR_HIGH_POSITION,Improve title/meta description
733,client_08a6a72ff48e62c0,content_dde0ccad5085603b,2026-03-01,788,0,0.0,8.643401015228426,788,LOW_CTR_HIGH_POSITION,Improve title/meta description
734,client_73cda7b4e4f265ea,content_e5b557741dd26f15,2026-03-01,788,8,0.01015228426395939,2.035532994923858,788,LOW_CTR_HIGH_POSITION,Improve title/meta description
735,client_e547b89c05043229,content_be90cf97fd507b11,2026-03-01,787,4,0.005082592121982211,3.9110546378653113,787,LOW_CTR_HIGH_POSITION,Improve title/meta description
736,client_62f4a7e64f5e0096,content_96ccda6ff79921ac,2026-03-02,787,2,0.0025412960609911056,3.1550190597204573,787,LOW_CTR_HIGH_POSITION,Improve title/meta description
737,client_62f4a7e64f5e0096,content_74f1eae034f247fa,2026-03-02,785,2,0.0025477707006369425,4.369426751592357,785,LOW_CTR_HIGH_POSITION,Improve title/meta description
738,client_08a6a72ff48e62c0,content_4583501696b1da5d,2026-03-01,784,3,0.003826530612244898,3.566326530612245,784,LOW_CTR_HIGH_POSITION,Improve title/meta description
739,client_62f4a7e64f5e0096,content_5b81a782b1f21086,2026-03-04,784,1,0.0012755102040816326,5.584183673469388,784,LOW_CTR_HIGH_POSITION,Improve title/meta description
740,client_62f4a7e64f5e0096,content_1645f226ba484f8a,2026-03-02,783,2,0.002554278416347382,4.879948914431673,783,LOW_CTR_HIGH_POSITION,Improve title/meta description
741,client_9958f0a7ae1df715,content_5a77dbf5671c5a65,2026-03-03,781,8,0.010243277848911651,5.2163892445582585,781,LOW_CTR_HIGH_POSITION,Improve title/meta description
742,client_e5c2aa26a8598242,content_415ce90173b9da80,2026-03-02,781,2,0.002560819462227913,9.144686299615877,781,LOW_CTR_HIGH_POSITION,Improve title/meta description
743,client_73cda7b4e4f265ea,content_542ff347b9b2675a,2026-03-01,781,4,0.005121638924455826,3.267605633802817,781,LOW_CTR_HIGH_POSITION,Improve title/meta description
744,client_62f4a7e64f5e0096,content_5f8a570aba4d163d,2026-03-02,780,0,0.0,3.646153846153846,780,LOW_CTR_HIGH_POSITION,Improve title/meta description
745,client_e547b89c05043229,content_5e4c45e7fc5b5192,2026-03-01,780,2,0.002564102564102564,4.373076923076923,780,LOW_CTR_HIGH_POSITION,Improve title/meta description
746,client_62f4a7e64f5e0096,content_6a0d5c17c919f691,2026-03-02,779,4,0.005134788189987163,1.8818998716302953,779,LOW_CTR_HIGH_POSITION,Improve title/meta description
747,client_73cda7b4e4f265ea,content_34bf9b84606216ad,2026-03-01,779,2,0.0025673940949935813,5.2593068035943515,779,LOW_CTR_HIGH_POSITION,Improve title/meta description
748,client_e547b89c05043229,content_425a23ff83f9f448,2026-03-04,778,15,0.019280205655526992,8.044987146529563,778,LOW_CTR_HIGH_POSITION,Improve title/meta description
749,client_62f4a7e64f5e0096,content_e98804011fce6dfb,2026-03-02,778,1,0.0012853470437017994,2.2442159383033418,778,LOW_CTR_HIGH_POSITION,Improve title/meta description
750,client_73cda7b4e4f265ea,content_4488e43300114e6c,2026-03-01,776,4,0.005154639175257732,1.7268041237113403,776,LOW_CTR_HIGH_POSITION,Improve title/meta description
751,client_62f4a7e64f5e0096,content_1c0d4af893c5fb74,2026-03-04,774,0,0.0,3.143410852713178,774,LOW_CTR_HIGH_POSITION,Improve title/meta description
752,client_23a62021009f63c4,content_76838b4ece9b02f9,2026-03-03,773,14,0.018111254851228976,3.4734799482535577,773,LOW_CTR_HIGH_POSITION,Improve title/meta description
753,client_20259bd6705d81d4,content_a13854acfe0348c6,2026-03-03,772,3,0.0038860103626943004,9.645077720207254,772,LOW_CTR_HIGH_POSITION,Improve title/meta description
754,client_62f4a7e64f5e0096,content_47abf00f20f4b7db,2026-03-04,772,0,0.0,2.2461139896373057,772,LOW_CTR_HIGH_POSITION,Improve title/meta description
755,client_e547b89c05043229,content_04fb6296acff6360,2026-03-02,772,0,0.0,3.272020725388601,772,LOW_CTR_HIGH_POSITION,Improve title/meta description
756,client_62f4a7e64f5e0096,content_58c8ce26aca035f1,2026-03-04,771,1,0.0012970168612191958,5.407263294422828,771,LOW_CTR_HIGH_POSITION,Improve title/meta description
757,client_73cda7b4e4f265ea,content_47738e853466f17c,2026-03-01,770,3,0.003896103896103896,2.6064935064935066,770,LOW_CTR_HIGH_POSITION,Improve title/meta description
758,client_73cda7b4e4f265ea,content_8bf58116af2baad4,2026-03-01,770,3,0.003896103896103896,1.5272727272727273,770,LOW_CTR_HIGH_POSITION,Improve title/meta description
759,client_73cda7b4e4f265ea,content_c1d2943caf07b7b4,2026-03-01,769,1,0.0013003901170351106,4.847854356306892,769,LOW_CTR_HIGH_POSITION,Improve title/meta description
760,client_62f4a7e64f5e0096,content_bb2a9972810ddd72,2026-03-02,768,2,0.0026041666666666665,2.7916666666666665,768,LOW_CTR_HIGH_POSITION,Improve title/meta description
761,client_73cda7b4e4f265ea,content_b50c937db69835dd,2026-03-01,767,1,0.001303780964797914,6.75619295958279,767,LOW_CTR_HIGH_POSITION,Improve title/meta description
762,client_62f4a7e64f5e0096,content_88b57991cd3e3f0f,2026-03-02,767,3,0.003911342894393742,2.5384615384615383,767,LOW_CTR_HIGH_POSITION,Improve title/meta description
763,client_e547b89c05043229,content_055164e0e5126e87,2026-03-01,766,9,0.01174934725848564,1.7911227154046998,766,LOW_CTR_HIGH_POSITION,Improve title/meta description
764,client_73cda7b4e4f265ea,content_cd0fef57c18b3d6e,2026-03-01,766,9,0.01174934725848564,3.6892950391644908,766,LOW_CTR_HIGH_POSITION,Improve title/meta description
765,client_23a62021009f63c4,content_138abe69ee5bfd14,2026-03-03,766,7,0.009138381201044387,8.639686684073107,766,LOW_CTR_HIGH_POSITION,Improve title/meta description
766,client_20259bd6705d81d4,content_b82a7b40717d2e3f,2026-03-03,766,1,0.0013054830287206266,1.3237597911227155,766,LOW_CTR_HIGH_POSITION,Improve title/meta description
767,client_a80fca3f171ed1de,content_c96415369e194787,2026-03-03,766,0,0.0,3.797650130548303,766,LOW_CTR_HIGH_POSITION,Improve title/meta description
768,client_62f4a7e64f5e0096,content_25b362c0f6a1d37d,2026-03-04,766,0,0.0,4.801566579634465,766,LOW_CTR_HIGH_POSITION,Improve title/meta description
769,client_e547b89c05043229,content_3e84deb740299a26,2026-03-02,765,4,0.00522875816993464,8.90718954248366,765,LOW_CTR_HIGH_POSITION,Improve title/meta description
770,client_62f4a7e64f5e0096,content_4250fd72c1beaeac,2026-03-02,765,3,0.00392156862745098,1.9254901960784314,765,LOW_CTR_HIGH_POSITION,Improve title/meta description
771,client_62f4a7e64f5e0096,content_dee0e365ad61a0da,2026-03-02,765,5,0.006535947712418301,7.994771241830065,765,LOW_CTR_HIGH_POSITION,Improve title/meta description
772,client_62f4a7e64f5e0096,content_4251c4652ebbae77,2026-03-04,765,1,0.00130718954248366,3.9725490196078432,765,LOW_CTR_HIGH_POSITION,Improve title/meta description
773,client_62f4a7e64f5e0096,content_e98804011fce6dfb,2026-03-04,764,1,0.0013089005235602095,1.8390052356020943,764,LOW_CTR_HIGH_POSITION,Improve title/meta description
774,client_62f4a7e64f5e0096,content_2e04337d153d5401,2026-03-02,764,0,0.0,3.8337696335078535,764,LOW_CTR_HIGH_POSITION,Improve title/meta description
775,client_73cda7b4e4f265ea,content_d435d189e84aa11b,2026-03-01,764,4,0.005235602094240838,4.049738219895288,764,LOW_CTR_HIGH_POSITION,Improve title/meta description
776,client_73cda7b4e4f265ea,content_c6f602f61ad3a786,2026-03-01,763,0,0.0,5.120576671035387,763,LOW_CTR_HIGH_POSITION,Improve title/meta description
777,client_e547b89c05043229,content_950994106f54590c,2026-03-02,763,4,0.005242463958060288,3.677588466579292,763,LOW_CTR_HIGH_POSITION,Improve title/meta description
778,client_62f4a7e64f5e0096,content_57c49b5d9d864c5d,2026-03-04,761,3,0.003942181340341655,2.350854139290407,761,LOW_CTR_HIGH_POSITION,Improve title/meta description
779,client_62f4a7e64f5e0096,content_110b85dae9c6c594,2026-03-02,761,0,0.0,5.162943495400788,761,LOW_CTR_HIGH_POSITION,Improve title/meta description
780,client_62f4a7e64f5e0096,content_6cf01ba1da6f74fc,2026-03-02,760,3,0.003947368421052632,2.0065789473684212,760,LOW_CTR_HIGH_POSITION,Improve title/meta description
781,client_e5c2aa26a8598242,content_da1f53b7da2a4b73,2026-03-02,760,3,0.003947368421052632,5.581578947368421,760,LOW_CTR_HIGH_POSITION,Improve title/meta description
782,client_62f4a7e64f5e0096,content_7e5be1ccc6f1e49d,2026-03-03,759,2,0.002635046113306983,5.16600790513834,759,LOW_CTR_HIGH_POSITION,Improve title/meta description
783,client_73cda7b4e4f265ea,content_f0c55efedf3ed34f,2026-03-01,758,11,0.014511873350923483,2.029023746701847,758,LOW_CTR_HIGH_POSITION,Improve title/meta description
784,client_62f4a7e64f5e0096,content_5cd4254950e4a883,2026-03-04,758,2,0.002638522427440633,3.911609498680739,758,LOW_CTR_HIGH_POSITION,Improve title/meta description
785,client_62f4a7e64f5e0096,content_15aae90594ad292d,2026-03-04,758,1,0.0013192612137203166,4.084432717678101,758,LOW_CTR_HIGH_POSITION,Improve title/meta description
786,client_73cda7b4e4f265ea,content_d33a2fecb787be19,2026-03-01,758,0,0.0,0.7770448548812665,758,LOW_CTR_HIGH_POSITION,Improve title/meta description
787,client_fef1a8f436438636,content_26cb0bed3617e477,2026-03-01,758,5,0.006596306068601583,8.303430079155673,758,LOW_CTR_HIGH_POSITION,Improve title/meta description
788,client_62f4a7e64f5e0096,content_3cea11d675760681,2026-03-02,757,0,0.0,0.845442536327609,757,LOW_CTR_HIGH_POSITION,Improve title/meta description
789,client_62f4a7e64f5e0096,content_cd00b7440e416dee,2026-03-02,756,3,0.003968253968253968,2.822751322751323,756,LOW_CTR_HIGH_POSITION,Improve title/meta description
790,client_62f4a7e64f5e0096,content_8687618151490361,2026-03-04,756,2,0.0026455026455026454,1.970899470899471,756,LOW_CTR_HIGH_POSITION,Improve title/meta description
791,client_62f4a7e64f5e0096,content_c47a6844643204fb,2026-03-02,754,5,0.006631299734748011,1.1777188328912467,754,LOW_CTR_HIGH_POSITION,Improve title/meta description
792,client_e5c2aa26a8598242,content_b2f099b9f0582bc7,2026-03-02,754,1,0.001326259946949602,5.637931034482759,754,LOW_CTR_HIGH_POSITION,Improve title/meta description
793,client_e5c2aa26a8598242,content_1b49fec613110f0d,2026-03-02,754,3,0.003978779840848806,0.5596816976127321,754,LOW_CTR_HIGH_POSITION,Improve title/meta description
794,client_e547b89c05043229,content_f57f0a707cf46a0a,2026-03-04,754,0,0.0,8.33289124668435,754,LOW_CTR_HIGH_POSITION,Improve title/meta description
795,client_e547b89c05043229,content_977de8902196a52e,2026-03-04,754,1,0.001326259946949602,2.7387267904509285,754,LOW_CTR_HIGH_POSITION,Improve title/meta description
796,client_62f4a7e64f5e0096,content_e0fc5b2d945bf890,2026-03-02,753,0,0.0,3.6653386454183265,753,LOW_CTR_HIGH_POSITION,Improve title/meta description
797,client_62f4a7e64f5e0096,content_182d33b93947305a,2026-03-02,752,2,0.0026595744680851063,4.172872340425532,752,LOW_CTR_HIGH_POSITION,Improve title/meta description
798,client_62f4a7e64f5e0096,content_779348ebbda04331,2026-03-02,751,2,0.002663115845539281,3.2383488681757657,751,LOW_CTR_HIGH_POSITION,Improve title/meta description
799,client_62f4a7e64f5e0096,content_f324c64c221e6ac6,2026-03-02,751,0,0.0,4.8881491344873504,751,LOW_CTR_HIGH_POSITION,Improve title/meta description
800,client_e5c2aa26a8598242,content_f6d8d1506cb5e3eb,2026-03-02,750,1,0.0013333333333333333,0.98,750,LOW_CTR_HIGH_POSITION,Improve title/meta description
801,client_62f4a7e64f5e0096,content_f96b6b08fc748448,2026-03-02,748,2,0.00267379679144385,3.3983957219251337,748,LOW_CTR_HIGH_POSITION,Improve title/meta description
802,client_fef1a8f436438636,content_9ec87b7bfdad06a7,2026-03-02,748,5,0.0066844919786096255,5.863636363636363,748,LOW_CTR_HIGH_POSITION,Improve title/meta description
803,client_62f4a7e64f5e0096,content_064ad7709cd31cb6,2026-03-02,746,8,0.010723860589812333,1.7962466487935658,746,LOW_CTR_HIGH_POSITION,Improve title/meta description
804,client_62f4a7e64f5e0096,content_ec333a5f20ac4c0c,2026-03-04,745,2,0.0026845637583892616,3.029530201342282,745,LOW_CTR_HIGH_POSITION,Improve title/meta description
805,client_73cda7b4e4f265ea,content_e92b45fa68bef0df,2026-03-01,745,5,0.006711409395973154,1.6939597315436241,745,LOW_CTR_HIGH_POSITION,Improve title/meta description
806,client_62f4a7e64f5e0096,content_669e3179b96273c3,2026-03-04,744,2,0.002688172043010753,2.717741935483871,744,LOW_CTR_HIGH_POSITION,Improve title/meta description
807,client_73cda7b4e4f265ea,content_b6563d031411673d,2026-03-01,743,0,0.0,6.681022880215343,743,LOW_CTR_HIGH_POSITION,Improve title/meta description
808,client_62f4a7e64f5e0096,content_8ab4db77082d2686,2026-03-02,743,0,0.0,5.037685060565276,743,LOW_CTR_HIGH_POSITION,Improve title/meta description
809,client_62f4a7e64f5e0096,content_186199067b48cad0,2026-03-02,743,0,0.0,4.397039030955585,743,LOW_CTR_HIGH_POSITION,Improve title/meta description
810,client_08a6a72ff48e62c0,content_6a1ee96128027cbc,2026-03-03,742,0,0.0,8.350404312668463,742,LOW_CTR_HIGH_POSITION,Improve title/meta description
811,client_62f4a7e64f5e0096,content_f324c64c221e6ac6,2026-03-04,742,1,0.0013477088948787063,5.486522911051213,742,LOW_CTR_HIGH_POSITION,Improve title/meta description
812,client_62f4a7e64f5e0096,content_3cea11d675760681,2026-03-04,742,0,0.0,1.9380053908355794,742,LOW_CTR_HIGH_POSITION,Improve title/meta description
813,client_62f4a7e64f5e0096,content_3c040f3ceb66dce8,2026-03-02,742,2,0.0026954177897574125,5.4568733153638815,742,LOW_CTR_HIGH_POSITION,Improve title/meta description
814,client_73cda7b4e4f265ea,content_46c5af17449afbbc,2026-03-01,741,5,0.006747638326585695,5.7408906882591095,741,LOW_CTR_HIGH_POSITION,Improve title/meta description
815,client_62f4a7e64f5e0096,content_f4f2781227819b2b,2026-03-04,741,5,0.006747638326585695,2.6356275303643724,741,LOW_CTR_HIGH_POSITION,Improve title/meta description
816,client_62f4a7e64f5e0096,content_8460240d429e417b,2026-03-04,740,0,0.0,3.7175675675675675,740,LOW_CTR_HIGH_POSITION,Improve title/meta description
817,client_62f4a7e64f5e0096,content_0fbe3f5445bec59d,2026-03-02,740,9,0.012162162162162163,2.5121621621621624,740,LOW_CTR_HIGH_POSITION,Improve title/meta description
818,client_e547b89c05043229,content_7de2236ec61ba4c5,2026-03-04,739,10,0.013531799729364006,5.631935047361299,739,LOW_CTR_HIGH_POSITION,Improve title/meta description
819,client_62f4a7e64f5e0096,content_e918dd6f10e7904a,2026-03-02,739,7,0.009472259810554804,3.5940460081190797,739,LOW_CTR_HIGH_POSITION,Improve title/meta description
820,client_73cda7b4e4f265ea,content_c8eb71a24ac6b33f,2026-03-01,739,11,0.014884979702300407,4.644113667117726,739,LOW_CTR_HIGH_POSITION,Improve title/meta description
821,client_e547b89c05043229,content_4bec5555ca957d6b,2026-03-02,738,2,0.0027100271002710027,6.62059620596206,738,LOW_CTR_HIGH_POSITION,Improve title/meta description
822,client_e547b89c05043229,content_7de2236ec61ba4c5,2026-03-02,738,6,0.008130081300813009,5.006775067750677,738,LOW_CTR_HIGH_POSITION,Improve title/meta description
823,client_62f4a7e64f5e0096,content_a215fe890e1518f8,2026-03-02,737,3,0.004070556309362279,3.4043419267299866,737,LOW_CTR_HIGH_POSITION,Improve title/meta description
824,client_73cda7b4e4f265ea,content_9d8204e19b49515e,2026-03-03,737,4,0.005427408412483039,2.592944369063772,737,LOW_CTR_HIGH_POSITION,Improve title/meta description
825,client_62f4a7e64f5e0096,content_a6df435c8ce21373,2026-03-04,737,0,0.0,6.841248303934871,737,LOW_CTR_HIGH_POSITION,Improve title/meta description
826,client_73cda7b4e4f265ea,content_0189c5ff841dfad1,2026-03-01,737,1,0.0013568521031207597,7.374491180461329,737,LOW_CTR_HIGH_POSITION,Improve title/meta description
827,client_62f4a7e64f5e0096,content_2ec684ac1fc13d63,2026-03-04,737,3,0.004070556309362279,2.8493894165535956,737,LOW_CTR_HIGH_POSITION,Improve title/meta description
828,client_73cda7b4e4f265ea,content_7c73d775ef1c9a1b,2026-03-01,735,0,0.0,5.1755102040816325,735,LOW_CTR_HIGH_POSITION,Improve title/meta description
829,client_62f4a7e64f5e0096,content_3040d39659d42b3c,2026-03-04,734,2,0.0027247956403269754,3.773841961852861,734,LOW_CTR_HIGH_POSITION,Improve title/meta description
830,client_62f4a7e64f5e0096,content_7c45822a5b8a1be3,2026-03-02,734,6,0.008174386920980926,3.1416893732970026,734,LOW_CTR_HIGH_POSITION,Improve title/meta description
831,client_62f4a7e64f5e0096,content_cfd59797547f8d51,2026-03-02,732,2,0.00273224043715847,2.5491803278688523,732,LOW_CTR_HIGH_POSITION,Improve title/meta description
832,client_73cda7b4e4f265ea,content_0974207969487ace,2026-03-01,732,0,0.0,4.991803278688525,732,LOW_CTR_HIGH_POSITION,Improve title/meta description
833,client_62f4a7e64f5e0096,content_766b2d0936f116b7,2026-03-02,731,1,0.0013679890560875513,3.3556771545827635,731,LOW_CTR_HIGH_POSITION,Improve title/meta description
834,client_e547b89c05043229,content_d535290ae8241c70,2026-03-01,731,5,0.006839945280437756,3.451436388508892,731,LOW_CTR_HIGH_POSITION,Improve title/meta description
835,client_62f4a7e64f5e0096,content_465d20bc90052258,2026-03-02,730,3,0.00410958904109589,2.771232876712329,730,LOW_CTR_HIGH_POSITION,Improve title/meta description
836,client_fef1a8f436438636,content_26d19aa36e48fbdb,2026-03-02,728,1,0.0013736263736263737,4.15934065934066,728,LOW_CTR_HIGH_POSITION,Improve title/meta description
837,client_62f4a7e64f5e0096,content_62885862e98d206c,2026-03-02,728,0,0.0,2.9107142857142856,728,LOW_CTR_HIGH_POSITION,Improve title/meta description
838,client_62f4a7e64f5e0096,content_42b588b39b482353,2026-03-04,727,3,0.0041265474552957355,3.9270976616231086,727,LOW_CTR_HIGH_POSITION,Improve title/meta description
839,client_62f4a7e64f5e0096,content_70487b449ce643aa,2026-03-04,725,1,0.001379310344827586,0.2013793103448276,725,LOW_CTR_HIGH_POSITION,Improve title/meta description
840,client_62f4a7e64f5e0096,content_782a6182ba533027,2026-03-02,725,2,0.002758620689655172,3.8579310344827586,725,LOW_CTR_HIGH_POSITION,Improve title/meta description
841,client_0fa64a184f18a4a0,content_cd403e2ebcb3a5fe,2026-03-02,725,7,0.009655172413793104,1.543448275862069,725,LOW_CTR_HIGH_POSITION,Improve title/meta description
842,client_c182d11e4862a37d,content_f4a0e5c90b283626,2026-03-03,725,0,0.0,9.172413793103448,725,LOW_CTR_HIGH_POSITION,Improve title/meta description
843,client_73cda7b4e4f265ea,content_3849b1c3e2e4e8f1,2026-03-01,724,0,0.0,5.483425414364641,724,LOW_CTR_HIGH_POSITION,Improve title/meta description
844,client_62f4a7e64f5e0096,content_97889bdf0ae9b5e7,2026-03-04,724,0,0.0,3.75,724,LOW_CTR_HIGH_POSITION,Improve title/meta description
845,client_73cda7b4e4f265ea,content_6fae826f3c4268b2,2026-03-01,724,2,0.0027624309392265192,2.3273480662983426,724,LOW_CTR_HIGH_POSITION,Improve title/meta description
846,client_73cda7b4e4f265ea,content_6d282846643f2d00,2026-03-01,724,1,0.0013812154696132596,3.7845303867403315,724,LOW_CTR_HIGH_POSITION,Improve title/meta description
847,client_62f4a7e64f5e0096,content_de9d5734a9752897,2026-03-02,723,3,0.004149377593360996,4.201936376210235,723,LOW_CTR_HIGH_POSITION,Improve title/meta description
848,client_62f4a7e64f5e0096,content_99d1bfa046d715ee,2026-03-03,723,4,0.005532503457814661,5.376210235131397,723,LOW_CTR_HIGH_POSITION,Improve title/meta description
849,client_73cda7b4e4f265ea,content_a4566cfd45cbf40c,2026-03-01,723,2,0.0027662517289073307,4.615491009681881,723,LOW_CTR_HIGH_POSITION,Improve title/meta description
850,client_62f4a7e64f5e0096,content_ac5c4a628ebfb3a4,2026-03-02,722,4,0.00554016620498615,4.997229916897507,722,LOW_CTR_HIGH_POSITION,Improve title/meta description
851,client_23a62021009f63c4,content_249e9d28a0bb94b0,2026-03-03,722,9,0.012465373961218837,8.562326869806094,722,LOW_CTR_HIGH_POSITION,Improve title/meta description
852,client_62f4a7e64f5e0096,content_bfde20b6654f2823,2026-03-02,721,6,0.008321775312066574,2.377253814147018,721,LOW_CTR_HIGH_POSITION,Improve title/meta description
853,client_73cda7b4e4f265ea,content_96d1914e4d53283f,2026-03-01,721,0,0.0,4.486823855755895,721,LOW_CTR_HIGH_POSITION,Improve title/meta description
854,client_23a62021009f63c4,content_7e9a759dcb258a7c,2026-03-03,721,2,0.0027739251040221915,6.496532593619972,721,LOW_CTR_HIGH_POSITION,Improve title/meta description
855,client_73cda7b4e4f265ea,content_8e1334d6356668e3,2026-03-01,720,0,0.0,3.05,720,LOW_CTR_HIGH_POSITION,Improve title/meta description
856,client_62f4a7e64f5e0096,content_4f2203187f9e2ae2,2026-03-02,720,5,0.006944444444444444,5.476388888888889,720,LOW_CTR_HIGH_POSITION,Improve title/meta description
857,client_23a62021009f63c4,content_7e9a759dcb258a7c,2026-03-01,719,1,0.0013908205841446453,2.9541029207232268,719,LOW_CTR_HIGH_POSITION,Improve title/meta description
858,client_73cda7b4e4f265ea,content_8facc8b029a8a7c3,2026-03-01,719,2,0.0027816411682892906,1.96105702364395,719,LOW_CTR_HIGH_POSITION,Improve title/meta description
859,client_e547b89c05043229,content_8756e64b15c1d063,2026-03-01,718,0,0.0,3.3008356545961,718,LOW_CTR_HIGH_POSITION,Improve title/meta description
860,client_62f4a7e64f5e0096,content_87cd7a23ced9f153,2026-03-04,718,0,0.0,4.629526462395543,718,LOW_CTR_HIGH_POSITION,Improve title/meta description
861,client_62f4a7e64f5e0096,content_9466edb66f66d3de,2026-03-04,718,5,0.006963788300835654,4.855153203342619,718,LOW_CTR_HIGH_POSITION,Improve title/meta description
862,client_62f4a7e64f5e0096,content_4f74aebe44c820bf,2026-03-02,717,0,0.0,2.9567642956764297,717,LOW_CTR_HIGH_POSITION,Improve title/meta description
863,client_62f4a7e64f5e0096,content_31437f55ce7fbe59,2026-03-02,716,2,0.002793296089385475,3.3002793296089385,716,LOW_CTR_HIGH_POSITION,Improve title/meta description
864,client_62f4a7e64f5e0096,content_1666c4a6f0612dc0,2026-03-04,716,3,0.004189944134078212,3.4483240223463687,716,LOW_CTR_HIGH_POSITION,Improve title/meta description
865,client_62f4a7e64f5e0096,content_d85dcbb047d90b42,2026-03-02,715,1,0.0013986013986013986,3.0335664335664334,715,LOW_CTR_HIGH_POSITION,Improve title/meta description
866,client_fef1a8f436438636,content_5c244ab2f94a9adc,2026-03-02,715,3,0.004195804195804196,6.969230769230769,715,LOW_CTR_HIGH_POSITION,Improve title/meta description
867,client_73cda7b4e4f265ea,content_d2048e7094e8efe1,2026-03-01,714,1,0.0014005602240896359,0.7058823529411765,714,LOW_CTR_HIGH_POSITION,Improve title/meta description
868,client_23a62021009f63c4,content_d50293c586480376,2026-03-03,714,2,0.0028011204481792717,9.197478991596638,714,LOW_CTR_HIGH_POSITION,Improve title/meta description
869,client_73cda7b4e4f265ea,content_db0ebe185e8f598d,2026-03-01,714,2,0.0028011204481792717,0.8795518207282913,714,LOW_CTR_HIGH_POSITION,Improve title/meta description
870,client_73cda7b4e4f265ea,content_673fccc3dd0265e0,2026-03-03,713,2,0.002805049088359046,2.9228611500701263,713,LOW_CTR_HIGH_POSITION,Improve title/meta description
871,client_73cda7b4e4f265ea,content_5b0a99cac33c373e,2026-03-01,713,1,0.001402524544179523,4.286115007012623,713,LOW_CTR_HIGH_POSITION,Improve title/meta description
872,client_73cda7b4e4f265ea,content_90805755f09814b0,2026-03-01,712,5,0.007022471910112359,6.547752808988764,712,LOW_CTR_HIGH_POSITION,Improve title/meta description
873,client_62f4a7e64f5e0096,content_1232fb335b692f61,2026-03-02,711,4,0.005625879043600563,2.3952180028129395,711,LOW_CTR_HIGH_POSITION,Improve title/meta description
874,client_62f4a7e64f5e0096,content_b830e4118499b524,2026-03-02,711,0,0.0,1.6188466947960618,711,LOW_CTR_HIGH_POSITION,Improve title/meta description
875,client_62f4a7e64f5e0096,content_8461711c96e82ecd,2026-03-02,711,0,0.0,7.282700421940929,711,LOW_CTR_HIGH_POSITION,Improve title/meta description
876,client_fef1a8f436438636,content_e5f3b7212872fffe,2026-03-01,711,0,0.0,1.7665260196905765,711,LOW_CTR_HIGH_POSITION,Improve title/meta description
877,client_e547b89c05043229,content_2b9f40230d75e9d6,2026-03-01,711,13,0.01828410689170183,3.1153305203938118,711,LOW_CTR_HIGH_POSITION,Improve title/meta description
878,client_e547b89c05043229,content_a1ff20c72c0b697f,2026-03-04,710,6,0.008450704225352112,1.8338028169014085,710,LOW_CTR_HIGH_POSITION,Improve title/meta description
879,client_73cda7b4e4f265ea,content_53112b503258536d,2026-03-01,709,4,0.005641748942172073,6.7475317348378,709,LOW_CTR_HIGH_POSITION,Improve title/meta description
880,client_62f4a7e64f5e0096,content_e6448abf220a3dc0,2026-03-04,708,0,0.0,6.576271186440678,708,LOW_CTR_HIGH_POSITION,Improve title/meta description
881,client_73cda7b4e4f265ea,content_655d4d8dcd36d7ee,2026-03-01,708,14,0.01977401129943503,4.844632768361582,708,LOW_CTR_HIGH_POSITION,Improve title/meta description
882,client_62f4a7e64f5e0096,content_ba22b070e71daf35,2026-03-04,707,0,0.0,5.963224893917963,707,LOW_CTR_HIGH_POSITION,Improve title/meta description
883,client_62f4a7e64f5e0096,content_3cdbb05f4c57606d,2026-03-02,707,3,0.004243281471004243,4.517680339462518,707,LOW_CTR_HIGH_POSITION,Improve title/meta description
884,client_0fa64a184f18a4a0,content_c332aeb6d9a91de0,2026-03-02,706,0,0.0,3.0226628895184136,706,LOW_CTR_HIGH_POSITION,Improve title/meta description
885,client_62f4a7e64f5e0096,content_56d94aeecb060906,2026-03-04,706,0,0.0,7.736543909348442,706,LOW_CTR_HIGH_POSITION,Improve title/meta description
886,client_62f4a7e64f5e0096,content_ec4aea9041c72da5,2026-03-04,705,0,0.0,7.272340425531915,705,LOW_CTR_HIGH_POSITION,Improve title/meta description
887,client_62f4a7e64f5e0096,content_25b362c0f6a1d37d,2026-03-02,705,1,0.0014184397163120568,4.873758865248227,705,LOW_CTR_HIGH_POSITION,Improve title/meta description
888,client_e547b89c05043229,content_be888da27a66d70d,2026-03-02,705,1,0.0014184397163120568,6.69645390070922,705,LOW_CTR_HIGH_POSITION,Improve title/meta description
889,client_73cda7b4e4f265ea,content_ba7905d28e9eafb9,2026-03-01,704,3,0.004261363636363636,1.7414772727272727,704,LOW_CTR_HIGH_POSITION,Improve title/meta description
890,client_73cda7b4e4f265ea,content_b639c771311a8619,2026-03-01,704,0,0.0,3.044034090909091,704,LOW_CTR_HIGH_POSITION,Improve title/meta description
891,client_62f4a7e64f5e0096,content_109508af3270de7f,2026-03-02,704,1,0.0014204545454545455,0.2784090909090909,704,LOW_CTR_HIGH_POSITION,Improve title/meta description
892,client_62f4a7e64f5e0096,content_baddbaf23b6e3910,2026-03-02,704,1,0.0014204545454545455,1.9460227272727273,704,LOW_CTR_HIGH_POSITION,Improve title/meta description
893,client_e547b89c05043229,content_1b5b8c8e38ff32aa,2026-03-01,703,0,0.0,0.00995732574679943,703,LOW_CTR_HIGH_POSITION,Improve title/meta description
894,client_62f4a7e64f5e0096,content_197fe844033fd0e2,2026-03-02,703,10,0.01422475106685633,3.789473684210526,703,LOW_CTR_HIGH_POSITION,Improve title/meta description
895,client_e547b89c05043229,content_75030c2c6c3fea69,2026-03-01,703,3,0.004267425320056899,2.2361308677098153,703,LOW_CTR_HIGH_POSITION,Improve title/meta description
896,client_e5c2aa26a8598242,content_211f431a74d725e7,2026-03-02,701,0,0.0,5.136947218259629,701,LOW_CTR_HIGH_POSITION,Improve title/meta description
897,client_23a62021009f63c4,content_21e283d10df457c7,2026-03-03,701,3,0.0042796005706134095,5.968616262482168,701,LOW_CTR_HIGH_POSITION,Improve title/meta description
898,client_62f4a7e64f5e0096,content_8a61816e8079b691,2026-03-02,701,3,0.0042796005706134095,3.8659058487874467,701,LOW_CTR_HIGH_POSITION,Improve title/meta description
899,client_73cda7b4e4f265ea,content_886a5a08c5ec9c12,2026-03-01,700,7,0.01,4.301428571428572,700,LOW_CTR_HIGH_POSITION,Improve title/meta description
900,client_23a62021009f63c4,content_5a431552d5138148,2026-03-03,700,3,0.004285714285714286,9.44,700,LOW_CTR_HIGH_POSITION,Improve title/meta description
901,client_fef1a8f436438636,content_6f01fb2b01d3b898,2026-03-02,700,5,0.007142857142857143,4.694285714285714,700,LOW_CTR_HIGH_POSITION,Improve title/meta description
902,client_20259bd6705d81d4,content_9f4948723b020f58,2026-03-03,700,6,0.008571428571428572,7.831428571428572,700,LOW_CTR_HIGH_POSITION,Improve title/meta description
903,client_62f4a7e64f5e0096,content_89b2696060f5f744,2026-03-02,699,1,0.001430615164520744,5.545064377682404,699,LOW_CTR_HIGH_POSITION,Improve title/meta description
904,client_fef1a8f436438636,content_37074680795f74a0,2026-03-01,698,4,0.0057306590257879654,7.987106017191977,698,LOW_CTR_HIGH_POSITION,Improve title/meta description
905,client_0fa64a184f18a4a0,content_85174c59769b20a9,2026-03-02,698,0,0.0,6.240687679083095,698,LOW_CTR_HIGH_POSITION,Improve title/meta description
906,client_62f4a7e64f5e0096,content_e0fc5b2d945bf890,2026-03-04,698,1,0.0014326647564469914,3.166189111747851,698,LOW_CTR_HIGH_POSITION,Improve title/meta description
907,client_73cda7b4e4f265ea,content_93c73f18be1a62b9,2026-03-01,697,2,0.0028694404591104736,2.793400286944046,697,LOW_CTR_HIGH_POSITION,Improve title/meta description
908,client_23a62021009f63c4,content_ddd9373c30db5df6,2026-03-03,697,11,0.015781922525107604,4.9842180774748925,697,LOW_CTR_HIGH_POSITION,Improve title/meta description
909,client_73cda7b4e4f265ea,content_134e9e49de854772,2026-03-01,696,0,0.0,3.1293103448275863,696,LOW_CTR_HIGH_POSITION,Improve title/meta description
910,client_e547b89c05043229,content_ee841bd9dd4cc508,2026-03-02,696,4,0.005747126436781609,4.410919540229885,696,LOW_CTR_HIGH_POSITION,Improve title/meta description
911,client_62f4a7e64f5e0096,content_852a287247d92298,2026-03-02,695,5,0.007194244604316547,2.661870503597122,695,LOW_CTR_HIGH_POSITION,Improve title/meta description
912,client_73cda7b4e4f265ea,content_c52bbbd017bc4562,2026-03-01,694,7,0.010086455331412104,2.7247838616714697,694,LOW_CTR_HIGH_POSITION,Improve title/meta description
913,client_73cda7b4e4f265ea,content_69796e7ad6505589,2026-03-03,694,2,0.002881844380403458,3.9971181556195967,694,LOW_CTR_HIGH_POSITION,Improve title/meta description
914,client_e547b89c05043229,content_9484002e5f860012,2026-03-04,693,0,0.0,6.932178932178932,693,LOW_CTR_HIGH_POSITION,Improve title/meta description
915,client_e547b89c05043229,content_e08d1c2621bd1f78,2026-03-02,693,4,0.005772005772005772,4.546897546897547,693,LOW_CTR_HIGH_POSITION,Improve title/meta description
916,client_62f4a7e64f5e0096,content_3093384da191e616,2026-03-04,692,4,0.005780346820809248,3.7803468208092488,692,LOW_CTR_HIGH_POSITION,Improve title/meta description
917,client_62f4a7e64f5e0096,content_8fd5cf82823c62e7,2026-03-04,692,0,0.0,6.57514450867052,692,LOW_CTR_HIGH_POSITION,Improve title/meta description
918,client_e547b89c05043229,content_8c2ef2377f5421b7,2026-03-01,692,0,0.0,4.895953757225434,692,LOW_CTR_HIGH_POSITION,Improve title/meta description
919,client_73cda7b4e4f265ea,content_9ef217a2556c69d2,2026-03-01,691,3,0.004341534008683068,3.4124457308248917,691,LOW_CTR_HIGH_POSITION,Improve title/meta description
920,client_62f4a7e64f5e0096,content_9f7341b3a73e50db,2026-03-04,691,5,0.00723589001447178,5.852387843704776,691,LOW_CTR_HIGH_POSITION,Improve title/meta description
921,client_62f4a7e64f5e0096,content_592b1cbc2e6c6e0b,2026-03-03,691,0,0.0,3.1924746743849495,691,LOW_CTR_HIGH_POSITION,Improve title/meta description
922,client_e547b89c05043229,content_d5b3f7977198220c,2026-03-01,690,1,0.0014492753623188406,2.533333333333333,690,LOW_CTR_HIGH_POSITION,Improve title/meta description
923,client_62f4a7e64f5e0096,content_37e4b245cc08f20a,2026-03-02,690,1,0.0014492753623188406,6.21304347826087,690,LOW_CTR_HIGH_POSITION,Improve title/meta description
924,client_73cda7b4e4f265ea,content_f56c8dbb6f67fcc8,2026-03-03,689,2,0.002902757619738752,6.3584905660377355,689,LOW_CTR_HIGH_POSITION,Improve title/meta description
925,client_73cda7b4e4f265ea,content_7fd3dee83dd9c309,2026-03-01,689,6,0.008708272859216255,3.595065312046444,689,LOW_CTR_HIGH_POSITION,Improve title/meta description
926,client_62f4a7e64f5e0096,content_1b8d21b3b98cb239,2026-03-04,688,0,0.0,2.446220930232558,688,LOW_CTR_HIGH_POSITION,Improve title/meta description
927,client_62f4a7e64f5e0096,content_221ed646c228dc0b,2026-03-02,687,0,0.0,2.858806404657933,687,LOW_CTR_HIGH_POSITION,Improve title/meta description
928,client_e547b89c05043229,content_24c8239c8f21fb66,2026-03-01,687,0,0.0,2.2416302765647744,687,LOW_CTR_HIGH_POSITION,Improve title/meta description
929,client_73cda7b4e4f265ea,content_18ae0fad8bf22fe5,2026-03-01,687,1,0.001455604075691412,3.2736535662299855,687,LOW_CTR_HIGH_POSITION,Improve title/meta description
930,client_fef1a8f436438636,content_77427fdc29befae9,2026-03-01,686,2,0.0029154518950437317,8.403790087463557,686,LOW_CTR_HIGH_POSITION,Improve title/meta description
931,client_62f4a7e64f5e0096,content_bf1011a6c7534f34,2026-03-04,686,8,0.011661807580174927,1.4518950437317784,686,LOW_CTR_HIGH_POSITION,Improve title/meta description
932,client_73cda7b4e4f265ea,content_c0d4ce3b7a382cef,2026-03-01,686,2,0.0029154518950437317,5.033527696793003,686,LOW_CTR_HIGH_POSITION,Improve title/meta description
933,client_c182d11e4862a37d,content_d2eb49b1f5f3fa34,2026-03-01,686,0,0.0,7.288629737609329,686,LOW_CTR_HIGH_POSITION,Improve title/meta description
934,client_e547b89c05043229,content_5e4f0ccdfc0067f5,2026-03-01,686,5,0.007288629737609329,4.368804664723032,686,LOW_CTR_HIGH_POSITION,Improve title/meta description
935,client_62f4a7e64f5e0096,content_9e0152d7383f5b9d,2026-03-02,685,4,0.00583941605839416,2.12992700729927,685,LOW_CTR_HIGH_POSITION,Improve title/meta description
936,client_62f4a7e64f5e0096,content_ef6af88bad72a72e,2026-03-02,685,0,0.0,6.566423357664234,685,LOW_CTR_HIGH_POSITION,Improve title/meta description
937,client_62f4a7e64f5e0096,content_d7070d624944fe94,2026-03-04,685,2,0.00291970802919708,3.413138686131387,685,LOW_CTR_HIGH_POSITION,Improve title/meta description
938,client_e547b89c05043229,content_977de8902196a52e,2026-03-02,685,5,0.0072992700729927005,2.6350364963503647,685,LOW_CTR_HIGH_POSITION,Improve title/meta description
939,client_157ffe4d4a595515,content_e86cf30ac5bc285c,2026-03-01,683,1,0.0014641288433382138,4.033674963396779,683,LOW_CTR_HIGH_POSITION,Improve title/meta description
940,client_e547b89c05043229,content_477d37d31c507237,2026-03-01,683,4,0.005856515373352855,1.5080527086383602,683,LOW_CTR_HIGH_POSITION,Improve title/meta description
941,client_73cda7b4e4f265ea,content_fc079c7770dccaaf,2026-03-03,682,0,0.0,4.665689149560118,682,LOW_CTR_HIGH_POSITION,Improve title/meta description
942,client_73cda7b4e4f265ea,content_e419619d471fd97e,2026-03-01,682,0,0.0,3.8577712609970676,682,LOW_CTR_HIGH_POSITION,Improve title/meta description
943,client_73cda7b4e4f265ea,content_02d81b2695eadbf1,2026-03-01,682,1,0.001466275659824047,5.709677419354839,682,LOW_CTR_HIGH_POSITION,Improve title/meta description
944,client_62f4a7e64f5e0096,content_ab163b9b03e14edd,2026-03-02,682,0,0.0,6.655425219941349,682,LOW_CTR_HIGH_POSITION,Improve title/meta description
945,client_62f4a7e64f5e0096,content_6e8d8b092a2d9431,2026-03-02,681,0,0.0,7.7547723935389135,681,LOW_CTR_HIGH_POSITION,Improve title/meta description
946,client_73cda7b4e4f265ea,content_f900e9c26599a5e7,2026-03-01,681,3,0.004405286343612335,3.8883994126284875,681,LOW_CTR_HIGH_POSITION,Improve title/meta description
947,client_62f4a7e64f5e0096,content_6180d6e900cc2c72,2026-03-02,680,3,0.004411764705882353,4.963235294117647,680,LOW_CTR_HIGH_POSITION,Improve title/meta description
948,client_9958f0a7ae1df715,content_5a77dbf5671c5a65,2026-03-01,680,3,0.004411764705882353,4.011764705882353,680,LOW_CTR_HIGH_POSITION,Improve title/meta description
949,client_62f4a7e64f5e0096,content_5ae298a9146042e4,2026-03-04,679,3,0.004418262150220913,3.833578792341679,679,LOW_CTR_HIGH_POSITION,Improve title/meta description
950,client_73cda7b4e4f265ea,content_caeadd4de7b37460,2026-03-01,677,6,0.008862629246676515,1.8478581979320532,677,LOW_CTR_HIGH_POSITION,Improve title/meta description
951,client_73cda7b4e4f265ea,content_fc0e11252376bb58,2026-03-01,677,3,0.004431314623338257,4.072378138847858,677,LOW_CTR_HIGH_POSITION,Improve title/meta description
952,client_62f4a7e64f5e0096,content_581d352620bb4026,2026-03-04,677,1,0.0014771048744460858,3.0073855243722303,677,LOW_CTR_HIGH_POSITION,Improve title/meta description
953,client_73cda7b4e4f265ea,content_8b674d827d5da401,2026-03-01,676,5,0.0073964497041420114,2.0310650887573964,676,LOW_CTR_HIGH_POSITION,Improve title/meta description
954,client_e5c2aa26a8598242,content_64d311b1ee159382,2026-03-02,675,2,0.002962962962962963,4.431111111111111,675,LOW_CTR_HIGH_POSITION,Improve title/meta description
955,client_73cda7b4e4f265ea,content_af207844bb9e9ae1,2026-03-01,675,3,0.0044444444444444444,3.368888888888889,675,LOW_CTR_HIGH_POSITION,Improve title/meta description
956,client_e547b89c05043229,content_c9a2885eaad3c621,2026-03-01,674,2,0.002967359050445104,5.074183976261128,674,LOW_CTR_HIGH_POSITION,Improve title/meta description
957,client_62f4a7e64f5e0096,content_b1cbfc7f8892bd54,2026-03-03,674,2,0.002967359050445104,3.6172106824925816,674,LOW_CTR_HIGH_POSITION,Improve title/meta description
958,client_62f4a7e64f5e0096,content_fb81a5324c734ada,2026-03-02,673,0,0.0,2.5052005943536404,673,LOW_CTR_HIGH_POSITION,Improve title/meta description
959,client_62f4a7e64f5e0096,content_d63f566ba8efa70d,2026-03-02,673,1,0.0014858841010401188,4.399702823179792,673,LOW_CTR_HIGH_POSITION,Improve title/meta description
960,client_08a6a72ff48e62c0,content_9093a91bab20760d,2026-03-01,673,1,0.0014858841010401188,5.6523031203566125,673,LOW_CTR_HIGH_POSITION,Improve title/meta description
961,client_62f4a7e64f5e0096,content_47253a3e7602e04b,2026-03-02,673,2,0.0029717682020802376,7.5066864784546805,673,LOW_CTR_HIGH_POSITION,Improve title/meta description
962,client_08a6a72ff48e62c0,content_68599cc596e5ccd0,2026-03-01,673,9,0.01337295690936107,4.702823179791976,673,LOW_CTR_HIGH_POSITION,Improve title/meta description
963,client_62f4a7e64f5e0096,content_fe7780b1e930e0f6,2026-03-02,672,1,0.001488095238095238,2.375,672,LOW_CTR_HIGH_POSITION,Improve title/meta description
964,client_fef1a8f436438636,content_58e36f43789b26ff,2026-03-01,672,1,0.001488095238095238,3.130952380952381,672,LOW_CTR_HIGH_POSITION,Improve title/meta description
965,client_73cda7b4e4f265ea,content_184cec0e341a2b90,2026-03-01,672,1,0.001488095238095238,3.1220238095238093,672,LOW_CTR_HIGH_POSITION,Improve title/meta description
966,client_73cda7b4e4f265ea,content_c9a15b97ced5fa9f,2026-03-01,671,2,0.0029806259314456036,4.70193740685544,671,LOW_CTR_HIGH_POSITION,Improve title/meta description
967,client_62f4a7e64f5e0096,content_c515c1e76819ea8f,2026-03-02,671,0,0.0,3.7257824143070044,671,LOW_CTR_HIGH_POSITION,Improve title/meta description
968,client_73cda7b4e4f265ea,content_f6e2d142a593c8d0,2026-03-01,670,4,0.005970149253731343,2.683582089552239,670,LOW_CTR_HIGH_POSITION,Improve title/meta description
969,client_0fa64a184f18a4a0,content_2bed2c9ce7808050,2026-03-02,670,13,0.019402985074626865,2.2477611940298505,670,LOW_CTR_HIGH_POSITION,Improve title/meta description
970,client_62f4a7e64f5e0096,content_9b7343e32723f3e6,2026-03-02,670,2,0.0029850746268656717,3.571641791044776,670,LOW_CTR_HIGH_POSITION,Improve title/meta description
971,client_62f4a7e64f5e0096,content_69bec0e71e4bf591,2026-03-04,669,0,0.0,5.82660687593423,669,LOW_CTR_HIGH_POSITION,Improve title/meta description
972,client_73cda7b4e4f265ea,content_d83f0cc9b88edeac,2026-03-01,669,3,0.004484304932735426,5.345291479820628,669,LOW_CTR_HIGH_POSITION,Improve title/meta description
973,client_e547b89c05043229,content_90e48d5722c48b88,2026-03-04,669,5,0.007473841554559043,7.42152466367713,669,LOW_CTR_HIGH_POSITION,Improve title/meta description
974,client_e547b89c05043229,content_6855ab747fb3abb8,2026-03-01,669,5,0.007473841554559043,2.783258594917788,669,LOW_CTR_HIGH_POSITION,Improve title/meta description
975,client_62f4a7e64f5e0096,content_5dc24af7d96d5a92,2026-03-02,668,4,0.005988023952095809,2.437125748502994,668,LOW_CTR_HIGH_POSITION,Improve title/meta description
976,client_e547b89c05043229,content_d6d0891360321948,2026-03-02,668,1,0.0014970059880239522,3.684131736526946,668,LOW_CTR_HIGH_POSITION,Improve title/meta description
977,client_73cda7b4e4f265ea,content_155f0b960507d1bc,2026-03-01,668,2,0.0029940119760479044,3.9146706586826348,668,LOW_CTR_HIGH_POSITION,Improve title/meta description
978,client_e5c2aa26a8598242,content_d144d55fe6b6650b,2026-03-02,668,0,0.0,8.380239520958083,668,LOW_CTR_HIGH_POSITION,Improve title/meta description
979,client_e5c2aa26a8598242,content_b7bde6f7efdb4110,2026-03-02,668,0,0.0,2.5733532934131738,668,LOW_CTR_HIGH_POSITION,Improve title/meta description
980,client_73cda7b4e4f265ea,content_baad8e51d439b6b5,2026-03-03,668,2,0.0029940119760479044,5.781437125748503,668,LOW_CTR_HIGH_POSITION,Improve title/meta description
981,client_08a6a72ff48e62c0,content_f343acd1e0b9ddff,2026-03-01,666,2,0.003003003003003003,7.842342342342342,666,LOW_CTR_HIGH_POSITION,Improve title/meta description
982,client_20259bd6705d81d4,content_5991f83770142de4,2026-03-03,666,10,0.015015015015015015,9.726726726726726,666,LOW_CTR_HIGH_POSITION,Improve title/meta description
983,client_62f4a7e64f5e0096,content_c0c9f80a182dbf27,2026-03-02,665,1,0.0015037593984962407,3.350375939849624,665,LOW_CTR_HIGH_POSITION,Improve title/meta description
984,client_62f4a7e64f5e0096,content_3112381826381def,2026-03-02,665,0,0.0,4.62406015037594,665,LOW_CTR_HIGH_POSITION,Improve title/meta description
985,client_23a62021009f63c4,content_3539d16ff8091e01,2026-03-01,665,22,0.03308270676691729,5.878195488721804,665,LOW_CTR_HIGH_POSITION,Improve title/meta description
986,client_62f4a7e64f5e0096,content_57ffa050287a6f9e,2026-03-02,664,0,0.0,5.643072289156627,664,LOW_CTR_HIGH_POSITION,Improve title/meta description
987,client_e547b89c05043229,content_972ccc7535cb4bd5,2026-03-01,663,8,0.012066365007541479,2.266968325791855,663,LOW_CTR_HIGH_POSITION,Improve title/meta description
988,client_62f4a7e64f5e0096,content_a9786874ec1fef9c,2026-03-02,663,1,0.0015082956259426848,2.248868778280543,663,LOW_CTR_HIGH_POSITION,Improve title/meta description
989,client_62f4a7e64f5e0096,content_969d2a011bb3b00d,2026-03-02,663,4,0.006033182503770739,1.6334841628959276,663,LOW_CTR_HIGH_POSITION,Improve title/meta description
990,client_73cda7b4e4f265ea,content_1bb7d17cac7f6b78,2026-03-01,663,0,0.0,4.710407239819005,663,LOW_CTR_HIGH_POSITION,Improve title/meta description
991,client_62f4a7e64f5e0096,content_488fdbdd80d70a88,2026-03-01,663,2,0.0030165912518853697,3.6048265460030167,663,LOW_CTR_HIGH_POSITION,Improve title/meta description
992,client_08a6a72ff48e62c0,content_b749d6a6ae61112b,2026-03-01,662,2,0.0030211480362537764,6.2734138972809665,662,LOW_CTR_HIGH_POSITION,Improve title/meta description
993,client_62f4a7e64f5e0096,content_b12fcb83e59a0b59,2026-03-02,661,1,0.0015128593040847202,2.4871406959152798,661,LOW_CTR_HIGH_POSITION,Improve title/meta description
994,client_73cda7b4e4f265ea,content_690b092cf66bc2a4,2026-03-01,661,6,0.009077155824508321,1.9485627836611195,661,LOW_CTR_HIGH_POSITION,Improve title/meta description
995,client_73cda7b4e4f265ea,content_b154f6c2652cfeb9,2026-03-01,661,0,0.0,1.37821482602118,661,LOW_CTR_HIGH_POSITION,Improve title/meta description
996,client_62f4a7e64f5e0096,content_7583b967a450161e,2026-03-02,661,0,0.0,1.3691376701966718,661,LOW_CTR_HIGH_POSITION,Improve title/meta description
997,client_a80fca3f171ed1de,content_7b7f7deeabcd951c,2026-03-03,660,0,0.0,5.710606060606061,660,LOW_CTR_HIGH_POSITION,Improve title/meta description
998,client_62f4a7e64f5e0096,content_4d2b2d941591801e,2026-03-02,660,5,0.007575757575757576,1.7045454545454546,660,LOW_CTR_HIGH_POSITION,Improve title/meta description
999,client_62f4a7e64f5e0096,content_dc35fc02d30de24b,2026-03-02,660,1,0.0015151515151515152,4.0196969696969695,660,LOW_CTR_HIGH_POSITION,Improve title/meta description
1000,client_73cda7b4e4f265ea,content_727f477260e2d109,2026-03-01,660,2,0.0030303030303030303,5.925757575757576,660,LOW_CTR_HIGH_POSITION,Improve title/meta description
1001,client_08a6a72ff48e62c0,content_5dcf3733285c7bbc,2026-03-01,659,14,0.021244309559939303,3.450682852807284,659,LOW_CTR_HIGH_POSITION,Improve title/meta description
1002,client_73cda7b4e4f265ea,content_3d39b666ae3e4461,2026-03-01,658,0,0.0,7.454407294832826,658,LOW_CTR_HIGH_POSITION,Improve title/meta description
1003,client_e547b89c05043229,content_3bd95c984a5ae73c,2026-03-01,658,5,0.007598784194528876,7.411854103343465,658,LOW_CTR_HIGH_POSITION,Improve title/meta description
1004,client_73cda7b4e4f265ea,content_ff2e90727c1ebd17,2026-03-01,657,5,0.0076103500761035,3.310502283105023,657,LOW_CTR_HIGH_POSITION,Improve title/meta description
1005,client_73cda7b4e4f265ea,content_4e7d320a36812c4c,2026-03-01,657,0,0.0,4.324200913242009,657,LOW_CTR_HIGH_POSITION,Improve title/meta description
1006,client_62f4a7e64f5e0096,content_edf72e71e297a75f,2026-03-02,657,0,0.0,3.933028919330289,657,LOW_CTR_HIGH_POSITION,Improve title/meta description
1007,client_23a62021009f63c4,content_af6a4cc8b5204bd3,2026-03-03,657,2,0.0030441400304414,3.7899543378995433,657,LOW_CTR_HIGH_POSITION,Improve title/meta description
1008,client_62f4a7e64f5e0096,content_078db0001cd542cf,2026-03-04,657,1,0.0015220700152207,6.945205479452055,657,LOW_CTR_HIGH_POSITION,Improve title/meta description
1009,client_fef1a8f436438636,content_554e7d072a4f9240,2026-03-01,656,0,0.0,5.664634146341464,656,LOW_CTR_HIGH_POSITION,Improve title/meta description
1010,client_08a6a72ff48e62c0,content_6649443286908ded,2026-03-03,655,4,0.0061068702290076335,5.2778625954198475,655,LOW_CTR_HIGH_POSITION,Improve title/meta description
1011,client_73cda7b4e4f265ea,content_511fad755da7cef4,2026-03-01,655,0,0.0,2.384732824427481,655,LOW_CTR_HIGH_POSITION,Improve title/meta description
1012,client_73cda7b4e4f265ea,content_76b3325d03c2c770,2026-03-01,654,2,0.0030581039755351682,2.282874617737003,654,LOW_CTR_HIGH_POSITION,Improve title/meta description
1013,client_73cda7b4e4f265ea,content_9dad96eb1dc43aa7,2026-03-01,654,1,0.0015290519877675841,5.541284403669724,654,LOW_CTR_HIGH_POSITION,Improve title/meta description
1014,client_62f4a7e64f5e0096,content_cdc8cfdce2b66431,2026-03-02,654,2,0.0030581039755351682,2.9067278287461775,654,LOW_CTR_HIGH_POSITION,Improve title/meta description
1015,client_73cda7b4e4f265ea,content_27ab073b613a2e05,2026-03-01,653,0,0.0,2.7120980091883613,653,LOW_CTR_HIGH_POSITION,Improve title/meta description
1016,client_73cda7b4e4f265ea,content_3013a01699665c57,2026-03-01,653,1,0.0015313935681470138,3.2557427258805514,653,LOW_CTR_HIGH_POSITION,Improve title/meta description
1017,client_62f4a7e64f5e0096,content_d4ab52ddf3db55c5,2026-03-02,653,0,0.0,5.964777947932618,653,LOW_CTR_HIGH_POSITION,Improve title/meta description
1018,client_fef1a8f436438636,content_dc1e2ba1894bd53e,2026-03-01,653,1,0.0015313935681470138,3.9065849923430322,653,LOW_CTR_HIGH_POSITION,Improve title/meta description
1019,client_62f4a7e64f5e0096,content_e639dfdcc5602075,2026-03-04,653,3,0.004594180704441042,2.6049004594180705,653,LOW_CTR_HIGH_POSITION,Improve title/meta description
1020,client_73cda7b4e4f265ea,content_12868b02097eb275,2026-03-01,653,2,0.0030627871362940277,4.542113323124043,653,LOW_CTR_HIGH_POSITION,Improve title/meta description
1021,client_73cda7b4e4f265ea,content_2296e83f704b2a5c,2026-03-01,652,0,0.0,4.7530674846625764,652,LOW_CTR_HIGH_POSITION,Improve title/meta description
1022,client_62f4a7e64f5e0096,content_9ab14fe78279b7c7,2026-03-02,652,4,0.006134969325153374,4.096625766871166,652,LOW_CTR_HIGH_POSITION,Improve title/meta description
1023,client_e547b89c05043229,content_5538d1fc8d19fa4a,2026-03-01,652,3,0.004601226993865031,3.0322085889570554,652,LOW_CTR_HIGH_POSITION,Improve title/meta description
1024,client_fef1a8f436438636,content_e5f3b7212872fffe,2026-03-02,651,1,0.0015360983102918587,2.282642089093702,651,LOW_CTR_HIGH_POSITION,Improve title/meta description
1025,client_62f4a7e64f5e0096,content_7a01c693521575fe,2026-03-02,651,0,0.0,1.662058371735791,651,LOW_CTR_HIGH_POSITION,Improve title/meta description
1026,client_ff644d8251367cbb,content_ad81eee3c0435e0b,2026-03-03,650,4,0.006153846153846154,5.452307692307692,650,LOW_CTR_HIGH_POSITION,Improve title/meta description
1027,client_23a62021009f63c4,content_ae959c307b48e71b,2026-03-03,649,4,0.0061633281972265025,5.121725731895223,649,LOW_CTR_HIGH_POSITION,Improve title/meta description
1028,client_62f4a7e64f5e0096,content_c2f1bfbcf792679d,2026-03-02,649,1,0.0015408320493066256,5.224961479198767,649,LOW_CTR_HIGH_POSITION,Improve title/meta description
1029,client_c182d11e4862a37d,content_40da3f034b72d3c3,2026-03-03,648,0,0.0,5.4753086419753085,648,LOW_CTR_HIGH_POSITION,Improve title/meta description
1030,client_23a62021009f63c4,content_8df7e9e26d4ce5f7,2026-03-03,648,5,0.007716049382716049,5.8919753086419755,648,LOW_CTR_HIGH_POSITION,Improve title/meta description
1031,client_62f4a7e64f5e0096,content_9d682d28c2809137,2026-03-04,648,0,0.0,4.8842592592592595,648,LOW_CTR_HIGH_POSITION,Improve title/meta description
1032,client_fef1a8f436438636,content_f2af75e28fb898e5,2026-03-02,647,2,0.0030911901081916537,3.7341576506955176,647,LOW_CTR_HIGH_POSITION,Improve title/meta description
1033,client_73cda7b4e4f265ea,content_eff2a4f1452a676a,2026-03-01,647,1,0.0015455950540958269,6.666151468315301,647,LOW_CTR_HIGH_POSITION,Improve title/meta description
1034,client_73cda7b4e4f265ea,content_ceb4692a9aa37b5e,2026-03-01,647,5,0.0077279752704791345,7.219474497681607,647,LOW_CTR_HIGH_POSITION,Improve title/meta description
1035,client_62f4a7e64f5e0096,content_599ebbbad4db3e79,2026-03-03,646,0,0.0,1.6702786377708978,646,LOW_CTR_HIGH_POSITION,Improve title/meta description
1036,client_62f4a7e64f5e0096,content_793daac602d733a4,2026-03-02,645,2,0.0031007751937984496,3.5643410852713178,645,LOW_CTR_HIGH_POSITION,Improve title/meta description
1037,client_73cda7b4e4f265ea,content_6f80846040230645,2026-03-01,645,0,0.0,6.22015503875969,645,LOW_CTR_HIGH_POSITION,Improve title/meta description
1038,client_73cda7b4e4f265ea,content_eb1dad00039f4a29,2026-03-01,645,5,0.007751937984496124,2.088372093023256,645,LOW_CTR_HIGH_POSITION,Improve title/meta description
1039,client_73cda7b4e4f265ea,content_69e658d1663720c2,2026-03-01,645,3,0.004651162790697674,0.9922480620155039,645,LOW_CTR_HIGH_POSITION,Improve title/meta description
1040,client_62f4a7e64f5e0096,content_7bedaf8db02ea101,2026-03-02,645,0,0.0,6.73953488372093,645,LOW_CTR_HIGH_POSITION,Improve title/meta description
1041,client_e5c2aa26a8598242,content_a1f3785c825affbe,2026-03-02,644,1,0.0015527950310559005,3.6847826086956523,644,LOW_CTR_HIGH_POSITION,Improve title/meta description
1042,client_e547b89c05043229,content_2c0d7ff9112656e1,2026-03-01,644,2,0.003105590062111801,3.107142857142857,644,LOW_CTR_HIGH_POSITION,Improve title/meta description
1043,client_62f4a7e64f5e0096,content_78178e8abdf1cb10,2026-03-03,643,0,0.0,4.077760497667185,643,LOW_CTR_HIGH_POSITION,Improve title/meta description
1044,client_e547b89c05043229,content_27888feb692d9c7a,2026-03-01,643,1,0.0015552099533437014,3.2519440124416796,643,LOW_CTR_HIGH_POSITION,Improve title/meta description
1045,client_62f4a7e64f5e0096,content_4f57c33a82272315,2026-03-02,643,1,0.0015552099533437014,4.3172628304821155,643,LOW_CTR_HIGH_POSITION,Improve title/meta description
1046,client_e547b89c05043229,content_1c8f17bb53e4e358,2026-03-04,643,4,0.006220839813374806,3.8475894245723175,643,LOW_CTR_HIGH_POSITION,Improve title/meta description
1047,client_62f4a7e64f5e0096,content_765403788e6d6813,2026-03-02,642,20,0.03115264797507788,3.1137071651090342,642,LOW_CTR_HIGH_POSITION,Improve title/meta description
1048,client_62f4a7e64f5e0096,content_7c0333e1f7146b3b,2026-03-04,642,2,0.003115264797507788,2.8862928348909658,642,LOW_CTR_HIGH_POSITION,Improve title/meta description
1049,client_9958f0a7ae1df715,content_237e63fc00c8c7ad,2026-03-01,642,2,0.003115264797507788,6.165109034267913,642,LOW_CTR_HIGH_POSITION,Improve title/meta description
1050,client_62f4a7e64f5e0096,content_b1da6b77e8e4084e,2026-03-02,641,1,0.0015600624024961,4.898595943837753,641,LOW_CTR_HIGH_POSITION,Improve title/meta description
1051,client_62f4a7e64f5e0096,content_77186f752eb4e905,2026-03-02,641,1,0.0015600624024961,3.234009360374415,641,LOW_CTR_HIGH_POSITION,Improve title/meta description
1052,client_62f4a7e64f5e0096,content_7357d488554821a0,2026-03-03,641,0,0.0,2.6474258970358813,641,LOW_CTR_HIGH_POSITION,Improve title/meta description
1053,client_e5c2aa26a8598242,content_8688bf78ada3963f,2026-03-02,641,1,0.0015600624024961,2.932917316692668,641,LOW_CTR_HIGH_POSITION,Improve title/meta description
1054,client_e547b89c05043229,content_7ff65d094f39d27d,2026-03-04,641,1,0.0015600624024961,3.8783151326053042,641,LOW_CTR_HIGH_POSITION,Improve title/meta description
1055,client_62f4a7e64f5e0096,content_2514da4728bfa35a,2026-03-02,641,1,0.0015600624024961,0.3712948517940718,641,LOW_CTR_HIGH_POSITION,Improve title/meta description
1056,client_62f4a7e64f5e0096,content_32ce123b6fee83a4,2026-03-02,640,7,0.0109375,4.9421875,640,LOW_CTR_HIGH_POSITION,Improve title/meta description
1057,client_62f4a7e64f5e0096,content_f51fe5dd428985e0,2026-03-02,640,0,0.0,1.540625,640,LOW_CTR_HIGH_POSITION,Improve title/meta description
1058,client_e547b89c05043229,content_e7cd191e4ba62608,2026-03-01,640,1,0.0015625,3.5296875,640,LOW_CTR_HIGH_POSITION,Improve title/meta description
1059,client_e5c2aa26a8598242,content_81e96cbef960ea81,2026-03-02,640,6,0.009375,3.028125,640,LOW_CTR_HIGH_POSITION,Improve title/meta description
1060,client_73cda7b4e4f265ea,content_61564c77981dc7cf,2026-03-01,639,2,0.003129890453834116,2.9389671361502345,639,LOW_CTR_HIGH_POSITION,Improve title/meta description
1061,client_fef1a8f436438636,content_a7b8a4447130cf93,2026-03-01,639,3,0.004694835680751174,5.863849765258216,639,LOW_CTR_HIGH_POSITION,Improve title/meta description
1062,client_62f4a7e64f5e0096,content_151b51409291ddbf,2026-03-03,639,1,0.001564945226917058,2.064162754303599,639,LOW_CTR_HIGH_POSITION,Improve title/meta description
1063,client_fef1a8f436438636,content_7a02e4bb9d4a379a,2026-03-02,639,6,0.009389671361502348,4.76056338028169,639,LOW_CTR_HIGH_POSITION,Improve title/meta description
1064,client_62f4a7e64f5e0096,content_48db9d81adb42f02,2026-03-04,639,0,0.0,2.2816901408450705,639,LOW_CTR_HIGH_POSITION,Improve title/meta description
1065,client_62f4a7e64f5e0096,content_0852b0b54c54cf84,2026-03-02,639,0,0.0,4.524256651017215,639,LOW_CTR_HIGH_POSITION,Improve title/meta description
1066,client_73cda7b4e4f265ea,content_7f74e782e6ae0c76,2026-03-01,639,1,0.001564945226917058,1.322378716744914,639,LOW_CTR_HIGH_POSITION,Improve title/meta description
1067,client_e547b89c05043229,content_1a49aa8bb3828fe6,2026-03-02,639,0,0.0,6.147104851330203,639,LOW_CTR_HIGH_POSITION,Improve title/meta description
1068,client_73cda7b4e4f265ea,content_01a29c94d11633a4,2026-03-01,639,1,0.001564945226917058,3.1173708920187795,639,LOW_CTR_HIGH_POSITION,Improve title/meta description
1069,client_e547b89c05043229,content_963de14b1f58978f,2026-03-01,638,1,0.001567398119122257,3.6410658307210033,638,LOW_CTR_HIGH_POSITION,Improve title/meta description
1070,client_73cda7b4e4f265ea,content_9bcb3078d5929410,2026-03-01,638,2,0.003134796238244514,7.2507836990595615,638,LOW_CTR_HIGH_POSITION,Improve title/meta description
1071,client_e5c2aa26a8598242,content_a10d0221fa80cee4,2026-03-02,638,0,0.0,8.681818181818182,638,LOW_CTR_HIGH_POSITION,Improve title/meta description
1072,client_73cda7b4e4f265ea,content_a5c3d2bdac1ebea1,2026-03-01,637,1,0.0015698587127158557,3.2511773940345368,637,LOW_CTR_HIGH_POSITION,Improve title/meta description
1073,client_e547b89c05043229,content_cb76722c597a4c5b,2026-03-01,637,6,0.009419152276295133,3.368916797488226,637,LOW_CTR_HIGH_POSITION,Improve title/meta description
1074,client_62f4a7e64f5e0096,content_2e04337d153d5401,2026-03-04,637,3,0.004709576138147566,3.8728414442700156,637,LOW_CTR_HIGH_POSITION,Improve title/meta description
1075,client_23a62021009f63c4,content_83e77594026a34b2,2026-03-03,637,10,0.015698587127158554,7.384615384615385,637,LOW_CTR_HIGH_POSITION,Improve title/meta description
1076,client_62f4a7e64f5e0096,content_2f6b8c8d8d0db7eb,2026-03-02,636,2,0.0031446540880503146,3.556603773584906,636,LOW_CTR_HIGH_POSITION,Improve title/meta description
1077,client_62f4a7e64f5e0096,content_75245b2dd602f6c7,2026-03-02,636,0,0.0,0.779874213836478,636,LOW_CTR_HIGH_POSITION,Improve title/meta description
1078,client_62f4a7e64f5e0096,content_dcb2705aa58f5139,2026-03-04,636,0,0.0,3.050314465408805,636,LOW_CTR_HIGH_POSITION,Improve title/meta description
1079,client_73cda7b4e4f265ea,content_4446548e18f88b17,2026-03-01,635,0,0.0,4.278740157480315,635,LOW_CTR_HIGH_POSITION,Improve title/meta description
1080,client_62f4a7e64f5e0096,content_409d4ec0bc8279b9,2026-03-02,635,2,0.0031496062992125984,5.78740157480315,635,LOW_CTR_HIGH_POSITION,Improve title/meta description
1081,client_62f4a7e64f5e0096,content_585b82d4e5035ff9,2026-03-02,634,2,0.0031545741324921135,2.914826498422713,634,LOW_CTR_HIGH_POSITION,Improve title/meta description
1082,client_73cda7b4e4f265ea,content_69796e7ad6505589,2026-03-01,634,0,0.0,4.0,634,LOW_CTR_HIGH_POSITION,Improve title/meta description
1083,client_62f4a7e64f5e0096,content_191977245b1d3cf5,2026-03-02,634,1,0.0015772870662460567,3.1041009463722395,634,LOW_CTR_HIGH_POSITION,Improve title/meta description
1084,client_fef1a8f436438636,content_37074680795f74a0,2026-03-02,634,1,0.0015772870662460567,9.175078864353312,634,LOW_CTR_HIGH_POSITION,Improve title/meta description
1085,client_62f4a7e64f5e0096,content_becc6b712229c620,2026-03-02,633,2,0.00315955766192733,3.6018957345971563,633,LOW_CTR_HIGH_POSITION,Improve title/meta description
1086,client_e547b89c05043229,content_a7eeda87b077a832,2026-03-01,633,1,0.001579778830963665,2.995260663507109,633,LOW_CTR_HIGH_POSITION,Improve title/meta description
1087,client_e547b89c05043229,content_3bd95c984a5ae73c,2026-03-02,633,3,0.004739336492890996,5.37914691943128,633,LOW_CTR_HIGH_POSITION,Improve title/meta description
1088,client_62f4a7e64f5e0096,content_fb9e188ee236e5f1,2026-03-02,633,4,0.00631911532385466,2.815165876777251,633,LOW_CTR_HIGH_POSITION,Improve title/meta description
1089,client_e547b89c05043229,content_808f011b90ee9adf,2026-03-01,633,0,0.0,7.3649289099526065,633,LOW_CTR_HIGH_POSITION,Improve title/meta description
1090,client_62f4a7e64f5e0096,content_5d1aabf2437c1413,2026-03-02,632,0,0.0,4.348101265822785,632,LOW_CTR_HIGH_POSITION,Improve title/meta description
1091,client_e5c2aa26a8598242,content_86f5765dcb125463,2026-03-02,632,1,0.0015822784810126582,2.7436708860759493,632,LOW_CTR_HIGH_POSITION,Improve title/meta description
1092,client_fef1a8f436438636,content_7b124555ddd30da6,2026-03-01,632,0,0.0,8.356012658227849,632,LOW_CTR_HIGH_POSITION,Improve title/meta description
1093,client_62f4a7e64f5e0096,content_0e7fc6829ae54ef3,2026-03-02,632,0,0.0,4.393987341772152,632,LOW_CTR_HIGH_POSITION,Improve title/meta description
1094,client_62f4a7e64f5e0096,content_72d6096aec792598,2026-03-02,632,1,0.0015822784810126582,4.719936708860759,632,LOW_CTR_HIGH_POSITION,Improve title/meta description
1095,client_fef1a8f436438636,content_f59ebede9f977e3b,2026-03-02,632,0,0.0,9.507911392405063,632,LOW_CTR_HIGH_POSITION,Improve title/meta description
1096,client_e547b89c05043229,content_1c73271280b38d35,2026-03-01,632,1,0.0015822784810126582,1.8354430379746836,632,LOW_CTR_HIGH_POSITION,Improve title/meta description
1097,client_73cda7b4e4f265ea,content_c343b9ac40a4638a,2026-03-01,631,0,0.0,1.375594294770206,631,LOW_CTR_HIGH_POSITION,Improve title/meta description
1098,client_73cda7b4e4f265ea,content_1dac8c180b66620c,2026-03-03,631,0,0.0,5.464342313787639,631,LOW_CTR_HIGH_POSITION,Improve title/meta description
1099,client_e547b89c05043229,content_5538d1fc8d19fa4a,2026-03-02,631,3,0.004754358161648178,3.606973058637084,631,LOW_CTR_HIGH_POSITION,Improve title/meta description
1100,client_62f4a7e64f5e0096,content_346779d5887b1265,2026-03-02,630,0,0.0,6.284126984126984,630,LOW_CTR_HIGH_POSITION,Improve title/meta description
1101,client_62f4a7e64f5e0096,content_76b567d085fe768d,2026-03-02,630,1,0.0015873015873015873,3.0873015873015874,630,LOW_CTR_HIGH_POSITION,Improve title/meta description
1102,client_e5c2aa26a8598242,content_c0c2a9394a4efae6,2026-03-02,630,2,0.0031746031746031746,2.13015873015873,630,LOW_CTR_HIGH_POSITION,Improve title/meta description
1103,client_e547b89c05043229,content_d535290ae8241c70,2026-03-02,629,3,0.0047694753577106515,2.8569157392686804,629,LOW_CTR_HIGH_POSITION,Improve title/meta description
1104,client_23a62021009f63c4,content_dace06db0bc355b6,2026-03-03,629,4,0.006359300476947536,9.211446740858506,629,LOW_CTR_HIGH_POSITION,Improve title/meta description
1105,client_3197e6291363b4db,content_f484dc050fedabd7,2026-03-02,628,0,0.0,4.335987261146497,628,LOW_CTR_HIGH_POSITION,Improve title/meta description
1106,client_e547b89c05043229,content_ee841bd9dd4cc508,2026-03-04,628,4,0.006369426751592357,4.348726114649682,628,LOW_CTR_HIGH_POSITION,Improve title/meta description
1107,client_73cda7b4e4f265ea,content_f0c0bc8b4777586c,2026-03-01,628,0,0.0,4.297770700636943,628,LOW_CTR_HIGH_POSITION,Improve title/meta description
1108,client_62f4a7e64f5e0096,content_e4fe249686c4f518,2026-03-02,628,0,0.0,3.877388535031847,628,LOW_CTR_HIGH_POSITION,Improve title/meta description
1109,client_62f4a7e64f5e0096,content_c1f1ff4579d18d56,2026-03-04,627,0,0.0,7.625199362041467,627,LOW_CTR_HIGH_POSITION,Improve title/meta description
1110,client_62f4a7e64f5e0096,content_57ffa050287a6f9e,2026-03-04,627,0,0.0,5.8676236044657095,627,LOW_CTR_HIGH_POSITION,Improve title/meta description
1111,client_73cda7b4e4f265ea,content_fe1d493d9e1edab5,2026-03-01,627,1,0.001594896331738437,3.4290271132376398,627,LOW_CTR_HIGH_POSITION,Improve title/meta description
1112,client_e547b89c05043229,content_244ae9905070456f,2026-03-01,627,3,0.004784688995215311,2.6762360446570974,627,LOW_CTR_HIGH_POSITION,Improve title/meta description
1113,client_62f4a7e64f5e0096,content_58720bce07de4271,2026-03-02,627,5,0.007974481658692184,1.379585326953748,627,LOW_CTR_HIGH_POSITION,Improve title/meta description
1114,client_73cda7b4e4f265ea,content_bfdaebeac23979a8,2026-03-01,626,2,0.003194888178913738,4.055910543130991,626,LOW_CTR_HIGH_POSITION,Improve title/meta description
1115,client_62f4a7e64f5e0096,content_d6c6ff9b7d60af4f,2026-03-03,626,0,0.0,3.5399361022364215,626,LOW_CTR_HIGH_POSITION,Improve title/meta description
1116,client_73cda7b4e4f265ea,content_59c787fc100aaee3,2026-03-01,626,3,0.004792332268370607,3.1996805111821085,626,LOW_CTR_HIGH_POSITION,Improve title/meta description
1117,client_73cda7b4e4f265ea,content_c035ea8f7de3f1b7,2026-03-01,625,0,0.0,6.6848,625,LOW_CTR_HIGH_POSITION,Improve title/meta description
1118,client_62f4a7e64f5e0096,content_dcb2705aa58f5139,2026-03-02,625,0,0.0,3.1856,625,LOW_CTR_HIGH_POSITION,Improve title/meta description
1119,client_e5c2aa26a8598242,content_82286e1977b740eb,2026-03-02,624,2,0.003205128205128205,3.9439102564102564,624,LOW_CTR_HIGH_POSITION,Improve title/meta description
1120,client_e547b89c05043229,content_6aff4797880c3074,2026-03-04,624,2,0.003205128205128205,4.532051282051282,624,LOW_CTR_HIGH_POSITION,Improve title/meta description
1121,client_73cda7b4e4f265ea,content_722b3d1b94ec8032,2026-03-01,623,7,0.011235955056179775,2.436597110754414,623,LOW_CTR_HIGH_POSITION,Improve title/meta description
1122,client_73cda7b4e4f265ea,content_53d8b9234dedb37a,2026-03-01,623,1,0.0016051364365971107,3.0176565008025684,623,LOW_CTR_HIGH_POSITION,Improve title/meta description
1123,client_73cda7b4e4f265ea,content_d20ff12a1f3c8e91,2026-03-01,623,4,0.006420545746388443,3.478330658105939,623,LOW_CTR_HIGH_POSITION,Improve title/meta description
1124,client_73cda7b4e4f265ea,content_0a010a54aebd0d44,2026-03-01,623,2,0.0032102728731942215,6.199036918138042,623,LOW_CTR_HIGH_POSITION,Improve title/meta description
1125,client_62f4a7e64f5e0096,content_867120b23f9259d6,2026-03-02,623,6,0.009630818619582664,5.731942215088282,623,LOW_CTR_HIGH_POSITION,Improve title/meta description
1126,client_e547b89c05043229,content_84cc9c378d81b857,2026-03-01,623,7,0.011235955056179775,4.051364365971107,623,LOW_CTR_HIGH_POSITION,Improve title/meta description
1127,client_1a730cb2640a1abf,content_b04497d2d01422cd,2026-03-02,623,3,0.004815409309791332,2.8346709470304976,623,LOW_CTR_HIGH_POSITION,Improve title/meta description
1128,client_e547b89c05043229,content_04fb6296acff6360,2026-03-01,622,0,0.0,2.927652733118971,622,LOW_CTR_HIGH_POSITION,Improve title/meta description
1129,client_73cda7b4e4f265ea,content_d916599304446d45,2026-03-01,622,1,0.001607717041800643,3.184887459807074,622,LOW_CTR_HIGH_POSITION,Improve title/meta description
1130,client_62f4a7e64f5e0096,content_3ee306975301b98a,2026-03-04,621,3,0.004830917874396135,1.2383252818035426,621,LOW_CTR_HIGH_POSITION,Improve title/meta description
1131,client_62f4a7e64f5e0096,content_dc05a6ee7691ca5e,2026-03-02,620,0,0.0,4.682258064516129,620,LOW_CTR_HIGH_POSITION,Improve title/meta description
1132,client_9958f0a7ae1df715,content_ef1caed111f80858,2026-03-03,620,0,0.0,5.487096774193549,620,LOW_CTR_HIGH_POSITION,Improve title/meta description
1133,client_62f4a7e64f5e0096,content_29c79dfec67cf9e1,2026-03-02,620,0,0.0,4.430645161290323,620,LOW_CTR_HIGH_POSITION,Improve title/meta description
1134,client_62f4a7e64f5e0096,content_bcacaeb44228434c,2026-03-02,620,1,0.0016129032258064516,3.1274193548387097,620,LOW_CTR_HIGH_POSITION,Improve title/meta description
1135,client_73cda7b4e4f265ea,content_cd58e78da843fdb2,2026-03-01,620,3,0.004838709677419355,6.225806451612903,620,LOW_CTR_HIGH_POSITION,Improve title/meta description
1136,client_62f4a7e64f5e0096,content_c515c1e76819ea8f,2026-03-04,620,0,0.0,3.653225806451613,620,LOW_CTR_HIGH_POSITION,Improve title/meta description
1137,client_62f4a7e64f5e0096,content_9eef40265ef60606,2026-03-02,620,4,0.0064516129032258064,0.20967741935483872,620,LOW_CTR_HIGH_POSITION,Improve title/meta description
1138,client_73cda7b4e4f265ea,content_a82574cf969fe0d4,2026-03-01,620,1,0.0016129032258064516,5.837096774193548,620,LOW_CTR_HIGH_POSITION,Improve title/meta description
1139,client_23a62021009f63c4,content_4a96566147ced926,2026-03-03,619,3,0.004846526655896607,5.843295638126009,619,LOW_CTR_HIGH_POSITION,Improve title/meta description
1140,client_62f4a7e64f5e0096,content_44ca97cd6dd1d350,2026-03-02,619,2,0.0032310177705977385,5.0678513731825525,619,LOW_CTR_HIGH_POSITION,Improve title/meta description
1141,client_23a62021009f63c4,content_6507375ee7704ae0,2026-03-03,619,11,0.017770597738287562,7.533117932148627,619,LOW_CTR_HIGH_POSITION,Improve title/meta description
1142,client_62f4a7e64f5e0096,content_1da64df1ce2cd507,2026-03-02,619,1,0.0016155088852988692,5.856219709208401,619,LOW_CTR_HIGH_POSITION,Improve title/meta description
1143,client_e547b89c05043229,content_57ebe69acfd580c9,2026-03-01,618,2,0.003236245954692557,3.1084142394822005,618,LOW_CTR_HIGH_POSITION,Improve title/meta description
1144,client_23a62021009f63c4,content_39fe6d6bb78e11a5,2026-03-03,618,1,0.0016181229773462784,6.294498381877022,618,LOW_CTR_HIGH_POSITION,Improve title/meta description
1145,client_73cda7b4e4f265ea,content_277e8e75c65d25fe,2026-03-01,618,1,0.0016181229773462784,6.127831715210356,618,LOW_CTR_HIGH_POSITION,Improve title/meta description
1146,client_62f4a7e64f5e0096,content_622ecff79cc47d77,2026-03-02,618,0,0.0,1.6601941747572815,618,LOW_CTR_HIGH_POSITION,Improve title/meta description
1147,client_08a6a72ff48e62c0,content_066f6f52517a70ba,2026-03-01,618,2,0.003236245954692557,5.401294498381877,618,LOW_CTR_HIGH_POSITION,Improve title/meta description
1148,client_62f4a7e64f5e0096,content_c8bcc4d62af03d90,2026-03-02,617,6,0.009724473257698542,2.4311183144246353,617,LOW_CTR_HIGH_POSITION,Improve title/meta description
1149,client_fef1a8f436438636,content_95f7834ab27ee3b0,2026-03-01,617,10,0.01620745542949757,6.136142625607779,617,LOW_CTR_HIGH_POSITION,Improve title/meta description
1150,client_23a62021009f63c4,content_02b8e561fb78ad9b,2026-03-03,616,4,0.006493506493506494,8.980519480519481,616,LOW_CTR_HIGH_POSITION,Improve title/meta description
1151,client_fef1a8f436438636,content_52c61ff818b6c173,2026-03-01,616,1,0.0016233766233766235,2.9464285714285716,616,LOW_CTR_HIGH_POSITION,Improve title/meta description
1152,client_e547b89c05043229,content_57763e772b79894e,2026-03-02,615,0,0.0,3.988617886178862,615,LOW_CTR_HIGH_POSITION,Improve title/meta description
1153,client_62f4a7e64f5e0096,content_1c0d4af893c5fb74,2026-03-02,615,0,0.0,3.265040650406504,615,LOW_CTR_HIGH_POSITION,Improve title/meta description
1154,client_73cda7b4e4f265ea,content_52316b4d48413575,2026-03-01,614,1,0.0016286644951140066,4.166123778501628,614,LOW_CTR_HIGH_POSITION,Improve title/meta description
1155,client_62f4a7e64f5e0096,content_3c060a985fdf852c,2026-03-02,614,0,0.0,6.309446254071661,614,LOW_CTR_HIGH_POSITION,Improve title/meta description
1156,client_e547b89c05043229,content_818830e197eca49b,2026-03-01,614,2,0.003257328990228013,1.3990228013029316,614,LOW_CTR_HIGH_POSITION,Improve title/meta description
1157,client_e547b89c05043229,content_18f0847d6628f8c6,2026-03-01,614,5,0.008143322475570033,4.747557003257329,614,LOW_CTR_HIGH_POSITION,Improve title/meta description
1158,client_62f4a7e64f5e0096,content_37feb691e5a00719,2026-03-02,613,2,0.0032626427406199023,3.088091353996737,613,LOW_CTR_HIGH_POSITION,Improve title/meta description
1159,client_62f4a7e64f5e0096,content_3ee306975301b98a,2026-03-02,613,1,0.0016313213703099511,0.9934747145187602,613,LOW_CTR_HIGH_POSITION,Improve title/meta description
1160,client_62f4a7e64f5e0096,content_1f9af2348e38f1bf,2026-03-02,613,1,0.0016313213703099511,2.66557911908646,613,LOW_CTR_HIGH_POSITION,Improve title/meta description
1161,client_62f4a7e64f5e0096,content_6757140fdd4aa14b,2026-03-02,612,0,0.0,2.4869281045751634,612,LOW_CTR_HIGH_POSITION,Improve title/meta description
1162,client_73cda7b4e4f265ea,content_e18aa2cb89312cce,2026-03-01,612,0,0.0,4.073529411764706,612,LOW_CTR_HIGH_POSITION,Improve title/meta description
1163,client_e547b89c05043229,content_313c6e7c23858acb,2026-03-02,611,4,0.006546644844517185,3.144026186579378,611,LOW_CTR_HIGH_POSITION,Improve title/meta description
1164,client_e547b89c05043229,content_f337dd284c6e83d2,2026-03-04,611,13,0.02127659574468085,2.30278232405892,611,LOW_CTR_HIGH_POSITION,Improve title/meta description
1165,client_73cda7b4e4f265ea,content_49028cfbcfc04b20,2026-03-01,611,1,0.0016366612111292963,5.682487725040916,611,LOW_CTR_HIGH_POSITION,Improve title/meta description
1166,client_73cda7b4e4f265ea,content_ea0187c8f2a3d5a1,2026-03-03,611,1,0.0016366612111292963,3.353518821603928,611,LOW_CTR_HIGH_POSITION,Improve title/meta description
1167,client_62f4a7e64f5e0096,content_3477fc421eedabe7,2026-03-04,610,0,0.0,5.388524590163934,610,LOW_CTR_HIGH_POSITION,Improve title/meta description
1168,client_62f4a7e64f5e0096,content_0ce079da38a7d96f,2026-03-04,610,0,0.0,4.365573770491803,610,LOW_CTR_HIGH_POSITION,Improve title/meta description
1169,client_73cda7b4e4f265ea,content_bb9d86fa7f08dd4b,2026-03-01,610,8,0.013114754098360656,1.618032786885246,610,LOW_CTR_HIGH_POSITION,Improve title/meta description
1170,client_08a6a72ff48e62c0,content_66a8943b31e75030,2026-03-01,610,0,0.0,5.29344262295082,610,LOW_CTR_HIGH_POSITION,Improve title/meta description
1171,client_e547b89c05043229,content_7f565ee4cfb9bd2d,2026-03-01,609,1,0.0016420361247947454,1.7963875205254516,609,LOW_CTR_HIGH_POSITION,Improve title/meta description
1172,client_e547b89c05043229,content_28774fa855619edd,2026-03-04,609,5,0.008210180623973728,6.285714285714286,609,LOW_CTR_HIGH_POSITION,Improve title/meta description
1173,client_e547b89c05043229,content_6b3b8fd83fd9836d,2026-03-01,609,1,0.0016420361247947454,1.2216748768472907,609,LOW_CTR_HIGH_POSITION,Improve title/meta description
1174,client_62f4a7e64f5e0096,content_66f296f3c969a1af,2026-03-02,609,1,0.0016420361247947454,3.955665024630542,609,LOW_CTR_HIGH_POSITION,Improve title/meta description
1175,client_e547b89c05043229,content_2c7eac3a21a8bd80,2026-03-01,608,4,0.006578947368421052,7.305921052631579,608,LOW_CTR_HIGH_POSITION,Improve title/meta description
1176,client_73cda7b4e4f265ea,content_7f0d104aab1dc28a,2026-03-01,608,1,0.001644736842105263,5.4769736842105265,608,LOW_CTR_HIGH_POSITION,Improve title/meta description
1177,client_73cda7b4e4f265ea,content_52182455ded2c798,2026-03-01,607,0,0.0,4.914332784184514,607,LOW_CTR_HIGH_POSITION,Improve title/meta description
1178,client_e547b89c05043229,content_2a0acbed992bf3d8,2026-03-02,607,4,0.006589785831960461,3.3179571663920924,607,LOW_CTR_HIGH_POSITION,Improve title/meta description
1179,client_73cda7b4e4f265ea,content_322c24b89e64f462,2026-03-01,606,4,0.006600660066006601,2.5792079207920793,606,LOW_CTR_HIGH_POSITION,Improve title/meta description
1180,client_e547b89c05043229,content_f3405aa00357ea90,2026-03-01,605,3,0.0049586776859504135,2.3834710743801653,605,LOW_CTR_HIGH_POSITION,Improve title/meta description
1181,client_62f4a7e64f5e0096,content_26cf2a75be7959e9,2026-03-02,605,0,0.0,1.3950413223140496,605,LOW_CTR_HIGH_POSITION,Improve title/meta description
1182,client_62f4a7e64f5e0096,content_f1ef547f971841b7,2026-03-04,604,1,0.0016556291390728477,3.2019867549668874,604,LOW_CTR_HIGH_POSITION,Improve title/meta description
1183,client_62f4a7e64f5e0096,content_c0389fad914fbf6a,2026-03-02,604,2,0.0033112582781456954,1.554635761589404,604,LOW_CTR_HIGH_POSITION,Improve title/meta description
1184,client_62f4a7e64f5e0096,content_33fa85b7a519bbc0,2026-03-02,604,2,0.0033112582781456954,3.3956953642384105,604,LOW_CTR_HIGH_POSITION,Improve title/meta description
1185,client_e547b89c05043229,content_6f5bab6d84fb3b86,2026-03-01,603,3,0.004975124378109453,5.714759535655058,603,LOW_CTR_HIGH_POSITION,Improve title/meta description
1186,client_62f4a7e64f5e0096,content_31c0e8da2e95d09b,2026-03-04,602,2,0.0033222591362126247,5.024916943521594,602,LOW_CTR_HIGH_POSITION,Improve title/meta description
1187,client_fef1a8f436438636,content_26cb0bed3617e477,2026-03-02,602,5,0.008305647840531562,8.343853820598007,602,LOW_CTR_HIGH_POSITION,Improve title/meta description
1188,client_62f4a7e64f5e0096,content_bb5b372a318a4379,2026-03-04,601,0,0.0,2.257903494176373,601,LOW_CTR_HIGH_POSITION,Improve title/meta description
1189,client_3197e6291363b4db,content_f484dc050fedabd7,2026-03-03,601,2,0.0033277870216306157,4.168053244592346,601,LOW_CTR_HIGH_POSITION,Improve title/meta description
1190,client_fef1a8f436438636,content_9ec87b7bfdad06a7,2026-03-01,601,3,0.004991680532445923,5.507487520798669,601,LOW_CTR_HIGH_POSITION,Improve title/meta description
1191,client_62f4a7e64f5e0096,content_b26508d244b9d9ae,2026-03-02,601,1,0.0016638935108153079,1.7154742096505824,601,LOW_CTR_HIGH_POSITION,Improve title/meta description
1192,client_fef1a8f436438636,content_52c61ff818b6c173,2026-03-02,600,0,0.0,2.75,600,LOW_CTR_HIGH_POSITION,Improve title/meta description
1193,client_e547b89c05043229,content_bff860bf1cd9e2b8,2026-03-02,600,0,0.0,4.405,600,LOW_CTR_HIGH_POSITION,Improve title/meta description
1194,client_73cda7b4e4f265ea,content_b1d4998a70a6ef42,2026-03-01,600,1,0.0016666666666666668,4.378333333333333,600,LOW_CTR_HIGH_POSITION,Improve title/meta description
1195,client_62f4a7e64f5e0096,content_ed2f1945f8d3b6d0,2026-03-02,600,0,0.0,0.7166666666666667,600,LOW_CTR_HIGH_POSITION,Improve title/meta description
1196,client_62f4a7e64f5e0096,content_d63f566ba8efa70d,2026-03-04,599,1,0.001669449081803005,4.602671118530885,599,LOW_CTR_HIGH_POSITION,Improve title/meta description
1197,client_62f4a7e64f5e0096,content_44d284c2ad861171,2026-03-02,599,6,0.01001669449081803,2.1969949916527547,599,LOW_CTR_HIGH_POSITION,Improve title/meta description
1198,client_62f4a7e64f5e0096,content_4251c4652ebbae77,2026-03-02,597,1,0.0016750418760469012,3.271356783919598,597,LOW_CTR_HIGH_POSITION,Improve title/meta description
1199,client_62f4a7e64f5e0096,content_792ac633089a7cb0,2026-03-04,597,0,0.0,6.082077051926298,597,LOW_CTR_HIGH_POSITION,Improve title/meta description
1200,client_73cda7b4e4f265ea,content_650dcd136fea8801,2026-03-01,597,5,0.008375209380234505,3.8576214405360134,597,LOW_CTR_HIGH_POSITION,Improve title/meta description
1201,client_23a62021009f63c4,content_d9afe1f2f4118f88,2026-03-03,596,1,0.0016778523489932886,6.159395973154362,596,LOW_CTR_HIGH_POSITION,Improve title/meta description
1202,client_73cda7b4e4f265ea,content_9d8204e19b49515e,2026-03-01,596,5,0.008389261744966443,2.5939597315436242,596,LOW_CTR_HIGH_POSITION,Improve title/meta description
1203,client_62f4a7e64f5e0096,content_ca7f62bbbfadcdfa,2026-03-04,595,0,0.0,0.7915966386554621,595,LOW_CTR_HIGH_POSITION,Improve title/meta description
1204,client_23a62021009f63c4,content_97e419cbae6021a4,2026-03-03,595,6,0.010084033613445379,8.223529411764705,595,LOW_CTR_HIGH_POSITION,Improve title/meta description
1205,client_73cda7b4e4f265ea,content_673fccc3dd0265e0,2026-03-01,595,2,0.0033613445378151263,1.9899159663865547,595,LOW_CTR_HIGH_POSITION,Improve title/meta description
1206,client_e547b89c05043229,content_4ab37bbfa7e33319,2026-03-02,595,6,0.010084033613445379,6.1193277310924366,595,LOW_CTR_HIGH_POSITION,Improve title/meta description
1207,client_23a62021009f63c4,content_69d4f85d87b25591,2026-03-03,594,3,0.005050505050505051,2.4276094276094278,594,LOW_CTR_HIGH_POSITION,Improve title/meta description
1208,client_62f4a7e64f5e0096,content_581d352620bb4026,2026-03-02,594,0,0.0,3.32996632996633,594,LOW_CTR_HIGH_POSITION,Improve title/meta description
1209,client_62f4a7e64f5e0096,content_41dbd3693b0a3ef0,2026-03-02,594,0,0.0,4.563973063973064,594,LOW_CTR_HIGH_POSITION,Improve title/meta description
1210,client_62f4a7e64f5e0096,content_43d24a3b27e58383,2026-03-04,594,0,0.0,3.436026936026936,594,LOW_CTR_HIGH_POSITION,Improve title/meta description
1211,client_73cda7b4e4f265ea,content_e352ca3d64eafc24,2026-03-01,593,1,0.0016863406408094434,4.251264755480607,593,LOW_CTR_HIGH_POSITION,Improve title/meta description
1212,client_62f4a7e64f5e0096,content_fb48f9ba94e1004b,2026-03-04,593,3,0.00505902192242833,3.585160202360877,593,LOW_CTR_HIGH_POSITION,Improve title/meta description
1213,client_62f4a7e64f5e0096,content_249d152a3559c35c,2026-03-02,593,0,0.0,0.49409780775716694,593,LOW_CTR_HIGH_POSITION,Improve title/meta description
1214,client_62f4a7e64f5e0096,content_cfa688665f1b4dad,2026-03-01,593,0,0.0,3.8988195615514334,593,LOW_CTR_HIGH_POSITION,Improve title/meta description
1215,client_73cda7b4e4f265ea,content_24e6bf362ba21b5a,2026-03-01,593,2,0.003372681281618887,5.33389544688027,593,LOW_CTR_HIGH_POSITION,Improve title/meta description
1216,client_62f4a7e64f5e0096,content_779e866d8b6190d9,2026-03-04,592,6,0.010135135135135136,3.5033783783783785,592,LOW_CTR_HIGH_POSITION,Improve title/meta description
1217,client_73cda7b4e4f265ea,content_3c8fb437349b2c62,2026-03-01,591,2,0.00338409475465313,2.0829103214890017,591,LOW_CTR_HIGH_POSITION,Improve title/meta description
1218,client_62f4a7e64f5e0096,content_36a49f754ddf7f89,2026-03-02,591,1,0.001692047377326565,5.0998307952622675,591,LOW_CTR_HIGH_POSITION,Improve title/meta description
1219,client_73cda7b4e4f265ea,content_6b47f955be29614c,2026-03-01,591,2,0.00338409475465313,3.1235194585448394,591,LOW_CTR_HIGH_POSITION,Improve title/meta description
1220,client_62f4a7e64f5e0096,content_79d1100e773b02ed,2026-03-04,591,1,0.001692047377326565,4.695431472081219,591,LOW_CTR_HIGH_POSITION,Improve title/meta description
1221,client_1a730cb2640a1abf,content_4f6b6f419514c27b,2026-03-02,591,5,0.008460236886632826,2.895093062605753,591,LOW_CTR_HIGH_POSITION,Improve title/meta description
1222,client_73cda7b4e4f265ea,content_6f6190a99c1605b0,2026-03-01,591,3,0.005076142131979695,2.4331641285956005,591,LOW_CTR_HIGH_POSITION,Improve title/meta description
1223,client_08a6a72ff48e62c0,content_c320b5395169746c,2026-03-01,591,2,0.00338409475465313,5.730964467005077,591,LOW_CTR_HIGH_POSITION,Improve title/meta description
1224,client_62f4a7e64f5e0096,content_eaa1b0dd11a0beee,2026-03-02,591,1,0.001692047377326565,4.751269035532995,591,LOW_CTR_HIGH_POSITION,Improve title/meta description
1225,client_73cda7b4e4f265ea,content_c5698902ef15377c,2026-03-01,591,0,0.0,7.326565143824027,591,LOW_CTR_HIGH_POSITION,Improve title/meta description
1226,client_62f4a7e64f5e0096,content_91d118515edecac4,2026-03-02,590,1,0.001694915254237288,2.3559322033898304,590,LOW_CTR_HIGH_POSITION,Improve title/meta description
1227,client_62f4a7e64f5e0096,content_9551aad28ed05868,2026-03-02,589,0,0.0,1.4499151103565364,589,LOW_CTR_HIGH_POSITION,Improve title/meta description
1228,client_62f4a7e64f5e0096,content_f262f6a8b966b2b6,2026-03-04,589,0,0.0,4.66723259762309,589,LOW_CTR_HIGH_POSITION,Improve title/meta description
1229,client_62f4a7e64f5e0096,content_8223267ac9f7d379,2026-03-02,588,3,0.00510204081632653,4.98469387755102,588,LOW_CTR_HIGH_POSITION,Improve title/meta description
1230,client_fef1a8f436438636,content_9ad9dd284003384f,2026-03-02,588,2,0.003401360544217687,3.828231292517007,588,LOW_CTR_HIGH_POSITION,Improve title/meta description
1231,client_62f4a7e64f5e0096,content_564f4d388d8a3f00,2026-03-03,588,0,0.0,3.651360544217687,588,LOW_CTR_HIGH_POSITION,Improve title/meta description
1232,client_73cda7b4e4f265ea,content_aadeb89f5267e7f2,2026-03-01,587,1,0.0017035775127768314,6.238500851788756,587,LOW_CTR_HIGH_POSITION,Improve title/meta description
1233,client_62f4a7e64f5e0096,content_29c79dfec67cf9e1,2026-03-04,587,1,0.0017035775127768314,4.5366269165247015,587,LOW_CTR_HIGH_POSITION,Improve title/meta description
1234,client_62f4a7e64f5e0096,content_7e93d8a3ab237e4c,2026-03-04,587,0,0.0,3.1567291311754686,587,LOW_CTR_HIGH_POSITION,Improve title/meta description
1235,client_73cda7b4e4f265ea,content_19fcd91acf24834f,2026-03-01,587,6,0.010221465076660987,1.8603066439522997,587,LOW_CTR_HIGH_POSITION,Improve title/meta description
1236,client_62f4a7e64f5e0096,content_ac5c4a628ebfb3a4,2026-03-04,585,5,0.008547008547008548,5.427350427350428,585,LOW_CTR_HIGH_POSITION,Improve title/meta description
1237,client_73cda7b4e4f265ea,content_561973ca3a82dd2f,2026-03-01,585,0,0.0,3.8854700854700854,585,LOW_CTR_HIGH_POSITION,Improve title/meta description
1238,client_62f4a7e64f5e0096,content_7e950443bfb161c7,2026-03-04,585,0,0.0,4.068376068376068,585,LOW_CTR_HIGH_POSITION,Improve title/meta description
1239,client_62f4a7e64f5e0096,content_4895649dd40112f8,2026-03-04,585,1,0.0017094017094017094,3.218803418803419,585,LOW_CTR_HIGH_POSITION,Improve title/meta description
1240,client_e547b89c05043229,content_5434f4c54fd2d747,2026-03-02,584,1,0.0017123287671232876,3.3493150684931505,584,LOW_CTR_HIGH_POSITION,Improve title/meta description
1241,client_62f4a7e64f5e0096,content_1d56f97aaa2bc33e,2026-03-02,584,0,0.0,3.3989726027397262,584,LOW_CTR_HIGH_POSITION,Improve title/meta description
1242,client_73cda7b4e4f265ea,content_90a514e22b341545,2026-03-01,584,1,0.0017123287671232876,5.306506849315069,584,LOW_CTR_HIGH_POSITION,Improve title/meta description
1243,client_62f4a7e64f5e0096,content_f98dd6f76f20f57e,2026-03-02,584,3,0.005136986301369863,4.207191780821918,584,LOW_CTR_HIGH_POSITION,Improve title/meta description
1244,client_62f4a7e64f5e0096,content_4db1f4806b23d9fc,2026-03-04,583,1,0.0017152658662092624,5.168096054888507,583,LOW_CTR_HIGH_POSITION,Improve title/meta description
1245,client_e547b89c05043229,content_93e5297a4af54711,2026-03-01,583,1,0.0017152658662092624,3.457975986277873,583,LOW_CTR_HIGH_POSITION,Improve title/meta description
1246,client_e547b89c05043229,content_ac9e4093db552fb8,2026-03-02,583,0,0.0,3.857632933104631,583,LOW_CTR_HIGH_POSITION,Improve title/meta description
1247,client_62f4a7e64f5e0096,content_aa7b8a20e9ce4c4c,2026-03-02,583,0,0.0,5.864493996569468,583,LOW_CTR_HIGH_POSITION,Improve title/meta description
1248,client_e547b89c05043229,content_b59c8b820f6ae26c,2026-03-01,583,0,0.0,3.392795883361921,583,LOW_CTR_HIGH_POSITION,Improve title/meta description
1249,client_e5c2aa26a8598242,content_527232b3865b1c6b,2026-03-02,583,7,0.012006861063464836,5.089193825042882,583,LOW_CTR_HIGH_POSITION,Improve title/meta description
1250,client_62f4a7e64f5e0096,content_0fbe3f5445bec59d,2026-03-04,582,7,0.012027491408934709,1.7130584192439862,582,LOW_CTR_HIGH_POSITION,Improve title/meta description
1251,client_fef1a8f436438636,content_86218cd7432e0d80,2026-03-01,582,1,0.001718213058419244,5.006872852233677,582,LOW_CTR_HIGH_POSITION,Improve title/meta description
1252,client_73cda7b4e4f265ea,content_699a8d2081f3756e,2026-03-01,582,0,0.0,7.833333333333333,582,LOW_CTR_HIGH_POSITION,Improve title/meta description
1253,client_e547b89c05043229,content_32afd9f71e6f02ec,2026-03-04,582,3,0.005154639175257732,2.56872852233677,582,LOW_CTR_HIGH_POSITION,Improve title/meta description
1254,client_62f4a7e64f5e0096,content_88681596a63ea9e5,2026-03-02,581,0,0.0,2.485370051635112,581,LOW_CTR_HIGH_POSITION,Improve title/meta description
1255,client_73cda7b4e4f265ea,content_96b67be57c7dd37b,2026-03-01,581,2,0.0034423407917383822,2.8812392426850257,581,LOW_CTR_HIGH_POSITION,Improve title/meta description
1256,client_62f4a7e64f5e0096,content_d934c1845f623e33,2026-03-02,581,4,0.0068846815834767644,5.647160068846816,581,LOW_CTR_HIGH_POSITION,Improve title/meta description
1257,client_62f4a7e64f5e0096,content_10726a756bfb582c,2026-03-02,581,1,0.0017211703958691911,4.347676419965577,581,LOW_CTR_HIGH_POSITION,Improve title/meta description
1258,client_20259bd6705d81d4,content_495ab4b0f1bdd2e4,2026-03-03,581,3,0.0051635111876075735,5.879518072289157,581,LOW_CTR_HIGH_POSITION,Improve title/meta description
1259,client_73cda7b4e4f265ea,content_cd1b4b6c832efb36,2026-03-01,581,1,0.0017211703958691911,4.430292598967298,581,LOW_CTR_HIGH_POSITION,Improve title/meta description
1260,client_e547b89c05043229,content_68884473dfdad61e,2026-03-01,581,3,0.0051635111876075735,3.2134251290877796,581,LOW_CTR_HIGH_POSITION,Improve title/meta description
1261,client_62f4a7e64f5e0096,content_094ca90c564380b1,2026-03-04,580,2,0.0034482758620689655,2.774137931034483,580,LOW_CTR_HIGH_POSITION,Improve title/meta description
1262,client_62f4a7e64f5e0096,content_fe763ea0d1078137,2026-03-04,580,0,0.0,5.962068965517242,580,LOW_CTR_HIGH_POSITION,Improve title/meta description
1263,client_62f4a7e64f5e0096,content_8d54ba68c975c904,2026-03-02,579,1,0.0017271157167530224,3.796200345423143,579,LOW_CTR_HIGH_POSITION,Improve title/meta description
1264,client_62f4a7e64f5e0096,content_fe199351eef02f23,2026-03-02,578,1,0.0017301038062283738,1.9065743944636677,578,LOW_CTR_HIGH_POSITION,Improve title/meta description
1265,client_62f4a7e64f5e0096,content_191977245b1d3cf5,2026-03-04,578,1,0.0017301038062283738,2.679930795847751,578,LOW_CTR_HIGH_POSITION,Improve title/meta description
1266,client_73cda7b4e4f265ea,content_5e3e3c1843047e55,2026-03-01,577,1,0.0017331022530329288,3.5996533795493932,577,LOW_CTR_HIGH_POSITION,Improve title/meta description
1267,client_73cda7b4e4f265ea,content_7d9bef4a837ec178,2026-03-01,577,5,0.008665511265164644,2.067590987868284,577,LOW_CTR_HIGH_POSITION,Improve title/meta description
1268,client_62f4a7e64f5e0096,content_8a3fdc6f7006ad25,2026-03-02,576,0,0.0,2.7118055555555554,576,LOW_CTR_HIGH_POSITION,Improve title/meta description
1269,client_62f4a7e64f5e0096,content_e83a2e67d645df5c,2026-03-02,576,4,0.006944444444444444,3.4809027777777777,576,LOW_CTR_HIGH_POSITION,Improve title/meta description
1270,client_e547b89c05043229,content_1f3036dc1e1724ec,2026-03-01,575,3,0.0052173913043478265,5.219130434782609,575,LOW_CTR_HIGH_POSITION,Improve title/meta description
1271,client_62f4a7e64f5e0096,content_8a6a2c8c6d6a3528,2026-03-04,575,6,0.010434782608695653,2.848695652173913,575,LOW_CTR_HIGH_POSITION,Improve title/meta description
1272,client_a80fca3f171ed1de,content_be10a13d8b78908e,2026-03-03,574,0,0.0,1.897212543554007,574,LOW_CTR_HIGH_POSITION,Improve title/meta description
1273,client_62f4a7e64f5e0096,content_56cea600af693d35,2026-03-04,573,0,0.0,8.37347294938918,573,LOW_CTR_HIGH_POSITION,Improve title/meta description
1274,client_e547b89c05043229,content_8a03f94953e34308,2026-03-01,573,3,0.005235602094240838,2.7870855148342057,573,LOW_CTR_HIGH_POSITION,Improve title/meta description
1275,client_e547b89c05043229,content_69379902126ff53f,2026-03-02,573,1,0.0017452006980802793,2.6317626527050613,573,LOW_CTR_HIGH_POSITION,Improve title/meta description
1276,client_c182d11e4862a37d,content_40da3f034b72d3c3,2026-03-01,572,0,0.0,5.909090909090909,572,LOW_CTR_HIGH_POSITION,Improve title/meta description
1277,client_73cda7b4e4f265ea,content_417813f14a6d4213,2026-03-03,572,0,0.0,4.583916083916084,572,LOW_CTR_HIGH_POSITION,Improve title/meta description
1278,client_62f4a7e64f5e0096,content_3df7898521238794,2026-03-02,572,1,0.0017482517482517483,5.006993006993007,572,LOW_CTR_HIGH_POSITION,Improve title/meta description
1279,client_73cda7b4e4f265ea,content_0f535bdc35ab3b87,2026-03-01,571,0,0.0,6.74430823117338,571,LOW_CTR_HIGH_POSITION,Improve title/meta description
1280,client_62f4a7e64f5e0096,content_b98139df5e7bd9b8,2026-03-02,571,1,0.0017513134851138354,5.1523642732049035,571,LOW_CTR_HIGH_POSITION,Improve title/meta description
1281,client_62f4a7e64f5e0096,content_c0c9f80a182dbf27,2026-03-04,571,0,0.0,3.1155866900175133,571,LOW_CTR_HIGH_POSITION,Improve title/meta description
1282,client_62f4a7e64f5e0096,content_02847f1eb369fc50,2026-03-04,571,5,0.008756567425569177,4.8458844133099825,571,LOW_CTR_HIGH_POSITION,Improve title/meta description
1283,client_fef1a8f436438636,content_d2f5ff4215ddc515,2026-03-01,571,10,0.017513134851138354,7.504378283712785,571,LOW_CTR_HIGH_POSITION,Improve title/meta description
1284,client_62f4a7e64f5e0096,content_867120b23f9259d6,2026-03-04,571,2,0.0035026269702276708,5.873905429071804,571,LOW_CTR_HIGH_POSITION,Improve title/meta description
1285,client_e547b89c05043229,content_3f85815c6af7b312,2026-03-02,571,2,0.0035026269702276708,3.6112084063047285,571,LOW_CTR_HIGH_POSITION,Improve title/meta description
1286,client_62f4a7e64f5e0096,content_805d6796a9c84dc2,2026-03-02,570,3,0.005263157894736842,3.9280701754385965,570,LOW_CTR_HIGH_POSITION,Improve title/meta description
1287,client_9958f0a7ae1df715,content_c746f544161a1218,2026-03-01,570,2,0.0035087719298245615,7.659649122807018,570,LOW_CTR_HIGH_POSITION,Improve title/meta description
1288,client_62f4a7e64f5e0096,content_3898b155d6a59d75,2026-03-04,570,2,0.0035087719298245615,2.0596491228070177,570,LOW_CTR_HIGH_POSITION,Improve title/meta description
1289,client_62f4a7e64f5e0096,content_9f518036fc84ae37,2026-03-02,569,1,0.0017574692442882249,4.377855887521968,569,LOW_CTR_HIGH_POSITION,Improve title/meta description
1290,client_e547b89c05043229,content_30f514bd838330f1,2026-03-04,569,5,0.008787346221441126,8.156414762741653,569,LOW_CTR_HIGH_POSITION,Improve title/meta description
1291,client_73cda7b4e4f265ea,content_ac3e0bd879b7bb16,2026-03-01,569,6,0.01054481546572935,2.0,569,LOW_CTR_HIGH_POSITION,Improve title/meta description
1292,client_73cda7b4e4f265ea,content_f17a9d604145c997,2026-03-01,568,2,0.0035211267605633804,2.875,568,LOW_CTR_HIGH_POSITION,Improve title/meta description
1293,client_62f4a7e64f5e0096,content_90904dbfabc1edec,2026-03-02,568,0,0.0,6.674295774647887,568,LOW_CTR_HIGH_POSITION,Improve title/meta description
1294,client_62f4a7e64f5e0096,content_7617dc3b1d97841d,2026-03-04,568,2,0.0035211267605633804,3.4700704225352115,568,LOW_CTR_HIGH_POSITION,Improve title/meta description
1295,client_e5c2aa26a8598242,content_779151efb1adea94,2026-03-02,568,3,0.00528169014084507,3.454225352112676,568,LOW_CTR_HIGH_POSITION,Improve title/meta description
1296,client_e547b89c05043229,content_1d1587d2ec30f19e,2026-03-01,568,1,0.0017605633802816902,4.741197183098592,568,LOW_CTR_HIGH_POSITION,Improve title/meta description
1297,client_20259bd6705d81d4,content_733c36c281008e69,2026-03-03,567,1,0.001763668430335097,6.329805996472663,567,LOW_CTR_HIGH_POSITION,Improve title/meta description
1298,client_62f4a7e64f5e0096,content_c5cac0d17ecc217f,2026-03-02,567,5,0.008818342151675485,3.35978835978836,567,LOW_CTR_HIGH_POSITION,Improve title/meta description
1299,client_62f4a7e64f5e0096,content_7da65d7402107790,2026-03-04,567,0,0.0,2.1728395061728394,567,LOW_CTR_HIGH_POSITION,Improve title/meta description
1300,client_62f4a7e64f5e0096,content_689a4138f07716aa,2026-03-02,567,1,0.001763668430335097,2.2698412698412698,567,LOW_CTR_HIGH_POSITION,Improve title/meta description
1301,client_73cda7b4e4f265ea,content_0d2fa216c825125b,2026-03-01,566,0,0.0,4.971731448763251,566,LOW_CTR_HIGH_POSITION,Improve title/meta description
1302,client_62f4a7e64f5e0096,content_12dcaf44301c8fb3,2026-03-02,566,0,0.0,4.19964664310954,566,LOW_CTR_HIGH_POSITION,Improve title/meta description
1303,client_fef1a8f436438636,content_f59ebede9f977e3b,2026-03-01,566,0,0.0,9.715547703180212,566,LOW_CTR_HIGH_POSITION,Improve title/meta description
1304,client_e547b89c05043229,content_44caa8dc3955112b,2026-03-04,565,6,0.010619469026548672,5.624778761061947,565,LOW_CTR_HIGH_POSITION,Improve title/meta description
1305,client_e5c2aa26a8598242,content_45cf2b7826bdb426,2026-03-02,564,5,0.008865248226950355,8.643617021276595,564,LOW_CTR_HIGH_POSITION,Improve title/meta description
1306,client_62f4a7e64f5e0096,content_e859357daf9eb2ce,2026-03-02,564,0,0.0,6.037234042553192,564,LOW_CTR_HIGH_POSITION,Improve title/meta description
1307,client_62f4a7e64f5e0096,content_9b12b4e7cd7b9c8b,2026-03-02,564,1,0.0017730496453900709,2.7819148936170213,564,LOW_CTR_HIGH_POSITION,Improve title/meta description
1308,client_73cda7b4e4f265ea,content_380da0ca168a3cff,2026-03-01,564,3,0.005319148936170213,1.1524822695035462,564,LOW_CTR_HIGH_POSITION,Improve title/meta description
1309,client_62f4a7e64f5e0096,content_9d2f75bb09a4c6ab,2026-03-02,563,0,0.0,5.811722912966252,563,LOW_CTR_HIGH_POSITION,Improve title/meta description
1310,client_62f4a7e64f5e0096,content_7c5f151c52234fd5,2026-03-03,563,0,0.0,2.724689165186501,563,LOW_CTR_HIGH_POSITION,Improve title/meta description
1311,client_62f4a7e64f5e0096,content_65b44cf8fc5b402c,2026-03-02,562,3,0.005338078291814947,6.080071174377224,562,LOW_CTR_HIGH_POSITION,Improve title/meta description
1312,client_62f4a7e64f5e0096,content_1faa60a15cdb630d,2026-03-02,562,2,0.0035587188612099642,0.3683274021352313,562,LOW_CTR_HIGH_POSITION,Improve title/meta description
1313,client_23a62021009f63c4,content_9d0c810dc9120e30,2026-03-03,561,1,0.0017825311942959,8.559714795008913,561,LOW_CTR_HIGH_POSITION,Improve title/meta description
1314,client_62f4a7e64f5e0096,content_b3e2af452b56b725,2026-03-04,561,0,0.0,4.137254901960785,561,LOW_CTR_HIGH_POSITION,Improve title/meta description
1315,client_e547b89c05043229,content_2a0acbed992bf3d8,2026-03-04,561,1,0.0017825311942959,4.204991087344029,561,LOW_CTR_HIGH_POSITION,Improve title/meta description
1316,client_62f4a7e64f5e0096,content_31cd96dd77b8d699,2026-03-04,560,4,0.007142857142857143,3.055357142857143,560,LOW_CTR_HIGH_POSITION,Improve title/meta description
1317,client_62f4a7e64f5e0096,content_3af34f71a4f823e5,2026-03-02,560,3,0.005357142857142857,2.3107142857142855,560,LOW_CTR_HIGH_POSITION,Improve title/meta description
1318,client_e547b89c05043229,content_1454af275371800c,2026-03-01,560,10,0.017857142857142856,4.401785714285714,560,LOW_CTR_HIGH_POSITION,Improve title/meta description
1319,client_62f4a7e64f5e0096,content_8b9a194c5d27a495,2026-03-04,559,4,0.007155635062611807,5.443649373881932,559,LOW_CTR_HIGH_POSITION,Improve title/meta description
1320,client_e547b89c05043229,content_9aa1b876dec51a8b,2026-03-01,559,0,0.0,5.847942754919499,559,LOW_CTR_HIGH_POSITION,Improve title/meta description
1321,client_73cda7b4e4f265ea,content_68216707634dc00b,2026-03-01,559,0,0.0,3.2933810375670842,559,LOW_CTR_HIGH_POSITION,Improve title/meta description
1322,client_62f4a7e64f5e0096,content_907a75fcd9b4a100,2026-03-02,558,0,0.0,0.5752688172043011,558,LOW_CTR_HIGH_POSITION,Improve title/meta description
1323,client_73cda7b4e4f265ea,content_251094f409e54542,2026-03-01,558,0,0.0,8.78673835125448,558,LOW_CTR_HIGH_POSITION,Improve title/meta description
1324,client_73cda7b4e4f265ea,content_c08376d1a932bbaf,2026-03-03,558,0,0.0,3.017921146953405,558,LOW_CTR_HIGH_POSITION,Improve title/meta description
1325,client_62f4a7e64f5e0096,content_c00e33641178f421,2026-03-04,558,2,0.0035842293906810036,4.243727598566308,558,LOW_CTR_HIGH_POSITION,Improve title/meta description
1326,client_62f4a7e64f5e0096,content_391f2643f9553dd7,2026-03-02,558,3,0.005376344086021506,3.9767025089605736,558,LOW_CTR_HIGH_POSITION,Improve title/meta description
1327,client_23a62021009f63c4,content_af6a4cc8b5204bd3,2026-03-01,557,4,0.00718132854578097,3.6247755834829443,557,LOW_CTR_HIGH_POSITION,Improve title/meta description
1328,client_62f4a7e64f5e0096,content_b262a785698cb28e,2026-03-02,557,1,0.0017953321364452424,4.089766606822262,557,LOW_CTR_HIGH_POSITION,Improve title/meta description
1329,client_e547b89c05043229,content_4702778d7d569ee1,2026-03-01,557,7,0.012567324955116697,2.6840215439856374,557,LOW_CTR_HIGH_POSITION,Improve title/meta description
1330,client_23a62021009f63c4,content_a8f9a19bbbed6025,2026-03-03,556,1,0.0017985611510791368,6.244604316546763,556,LOW_CTR_HIGH_POSITION,Improve title/meta description
1331,client_73cda7b4e4f265ea,content_7d9b4f374cf32b14,2026-03-01,556,6,0.01079136690647482,2.3093525179856114,556,LOW_CTR_HIGH_POSITION,Improve title/meta description
1332,client_62f4a7e64f5e0096,content_dab733cdad01915d,2026-03-02,556,2,0.0035971223021582736,1.6169064748201438,556,LOW_CTR_HIGH_POSITION,Improve title/meta description
1333,client_62f4a7e64f5e0096,content_11f181a99c380898,2026-03-02,556,3,0.00539568345323741,3.050359712230216,556,LOW_CTR_HIGH_POSITION,Improve title/meta description
1334,client_73cda7b4e4f265ea,content_20c781dddc0cc87a,2026-03-01,556,2,0.0035971223021582736,1.870503597122302,556,LOW_CTR_HIGH_POSITION,Improve title/meta description
1335,client_23a62021009f63c4,content_0606a43eb19ad8b8,2026-03-03,555,3,0.005405405405405406,8.392792792792793,555,LOW_CTR_HIGH_POSITION,Improve title/meta description
1336,client_e547b89c05043229,content_97b79d10f96e6594,2026-03-01,555,2,0.0036036036036036037,7.075675675675676,555,LOW_CTR_HIGH_POSITION,Improve title/meta description
1337,client_23a62021009f63c4,content_6ea083b3db90d98d,2026-03-01,554,3,0.005415162454873646,3.449458483754513,554,LOW_CTR_HIGH_POSITION,Improve title/meta description
1338,client_62f4a7e64f5e0096,content_bf1011a6c7534f34,2026-03-02,554,5,0.009025270758122744,1.5054151624548737,554,LOW_CTR_HIGH_POSITION,Improve title/meta description
1339,client_62f4a7e64f5e0096,content_6840600b2238f663,2026-03-02,554,1,0.0018050541516245488,1.611913357400722,554,LOW_CTR_HIGH_POSITION,Improve title/meta description
1340,client_e5c2aa26a8598242,content_56bea18cd659b580,2026-03-02,554,2,0.0036101083032490976,3.7382671480144403,554,LOW_CTR_HIGH_POSITION,Improve title/meta description
1341,client_08a6a72ff48e62c0,content_ea84a7ac8c8f90e2,2026-03-03,554,3,0.005415162454873646,6.48014440433213,554,LOW_CTR_HIGH_POSITION,Improve title/meta description
1342,client_73cda7b4e4f265ea,content_7b9147479d800a29,2026-03-01,553,3,0.0054249547920434,2.359855334538879,553,LOW_CTR_HIGH_POSITION,Improve title/meta description
1343,client_73cda7b4e4f265ea,content_bd2c2b7e26e57245,2026-03-01,553,0,0.0,2.8010849909584086,553,LOW_CTR_HIGH_POSITION,Improve title/meta description
1344,client_62f4a7e64f5e0096,content_e878b26123c1c8e0,2026-03-02,553,1,0.0018083182640144665,4.386980108499096,553,LOW_CTR_HIGH_POSITION,Improve title/meta description
1345,client_fef1a8f436438636,content_40f5525e8cc19b75,2026-03-02,552,1,0.0018115942028985507,4.86231884057971,552,LOW_CTR_HIGH_POSITION,Improve title/meta description
1346,client_73cda7b4e4f265ea,content_c1df2825bd17917f,2026-03-03,552,1,0.0018115942028985507,3.447463768115942,552,LOW_CTR_HIGH_POSITION,Improve title/meta description
1347,client_23a62021009f63c4,content_45f9b6ad0b64c00b,2026-03-03,552,0,0.0,0.13405797101449277,552,LOW_CTR_HIGH_POSITION,Improve title/meta description
1348,client_62f4a7e64f5e0096,content_e379d359c2ace83b,2026-03-02,552,5,0.009057971014492754,4.628623188405797,552,LOW_CTR_HIGH_POSITION,Improve title/meta description
1349,client_b10cb2997d0c7c86,content_4257d1459eb1fdd1,2026-03-02,552,0,0.0,5.719202898550725,552,LOW_CTR_HIGH_POSITION,Improve title/meta description
1350,client_62f4a7e64f5e0096,content_2fe4693cadf727bb,2026-03-02,552,0,0.0,3.4347826086956523,552,LOW_CTR_HIGH_POSITION,Improve title/meta description
1351,client_73cda7b4e4f265ea,content_2321bade28e7ae90,2026-03-01,551,6,0.010889292196007259,5.397459165154265,551,LOW_CTR_HIGH_POSITION,Improve title/meta description
1352,client_62f4a7e64f5e0096,content_02847f1eb369fc50,2026-03-02,551,2,0.003629764065335753,4.44464609800363,551,LOW_CTR_HIGH_POSITION,Improve title/meta description
1353,client_73cda7b4e4f265ea,content_824a6e5b05a2bba9,2026-03-01,551,2,0.003629764065335753,1.8929219600725953,551,LOW_CTR_HIGH_POSITION,Improve title/meta description
1354,client_e5c2aa26a8598242,content_5a6c14f9a6507d47,2026-03-02,551,3,0.0054446460980036296,9.228675136116152,551,LOW_CTR_HIGH_POSITION,Improve title/meta description
1355,client_e5c2aa26a8598242,content_a63af7151cb0890a,2026-03-02,551,1,0.0018148820326678765,4.390199637023594,551,LOW_CTR_HIGH_POSITION,Improve title/meta description
1356,client_62f4a7e64f5e0096,content_0405b756b69cb1ef,2026-03-02,551,2,0.003629764065335753,1.969147005444646,551,LOW_CTR_HIGH_POSITION,Improve title/meta description
1357,client_62f4a7e64f5e0096,content_b98e13478cf96432,2026-03-04,551,2,0.003629764065335753,3.751361161524501,551,LOW_CTR_HIGH_POSITION,Improve title/meta description
1358,client_62f4a7e64f5e0096,content_fe203d3be86964b8,2026-03-04,551,0,0.0,4.847549909255898,551,LOW_CTR_HIGH_POSITION,Improve title/meta description
1359,client_fef1a8f436438636,content_9ad9dd284003384f,2026-03-01,551,1,0.0018148820326678765,2.67513611615245,551,LOW_CTR_HIGH_POSITION,Improve title/meta description
1360,client_62f4a7e64f5e0096,content_0d31721056100a54,2026-03-03,550,3,0.005454545454545455,5.825454545454545,550,LOW_CTR_HIGH_POSITION,Improve title/meta description
1361,client_23a62021009f63c4,content_7796370419263d39,2026-03-03,550,9,0.016363636363636365,9.096363636363636,550,LOW_CTR_HIGH_POSITION,Improve title/meta description
1362,client_62f4a7e64f5e0096,content_7617dc3b1d97841d,2026-03-02,550,1,0.0018181818181818182,2.7581818181818183,550,LOW_CTR_HIGH_POSITION,Improve title/meta description
1363,client_e547b89c05043229,content_1556e9757487838e,2026-03-04,550,1,0.0018181818181818182,1.3436363636363637,550,LOW_CTR_HIGH_POSITION,Improve title/meta description
1364,client_62f4a7e64f5e0096,content_c678834a6f40dc34,2026-03-02,549,2,0.0036429872495446266,3.7887067395264116,549,LOW_CTR_HIGH_POSITION,Improve title/meta description
1365,client_e547b89c05043229,content_690341de91120803,2026-03-01,549,1,0.0018214936247723133,2.7540983606557377,549,LOW_CTR_HIGH_POSITION,Improve title/meta description
1366,client_73cda7b4e4f265ea,content_68bff834bab0737b,2026-03-03,548,1,0.0018248175182481751,2.4416058394160585,548,LOW_CTR_HIGH_POSITION,Improve title/meta description
1367,client_e5c2aa26a8598242,content_c05deece5c6535b1,2026-03-02,548,2,0.0036496350364963502,5.348540145985401,548,LOW_CTR_HIGH_POSITION,Improve title/meta description
1368,client_23a62021009f63c4,content_d9afe1f2f4118f88,2026-03-01,548,0,0.0,5.928832116788321,548,LOW_CTR_HIGH_POSITION,Improve title/meta description
1369,client_e547b89c05043229,content_1c8f17bb53e4e358,2026-03-02,547,6,0.010968921389396709,3.603290676416819,547,LOW_CTR_HIGH_POSITION,Improve title/meta description
1370,client_73cda7b4e4f265ea,content_6a711e3265c8c99b,2026-03-01,547,10,0.018281535648994516,1.8921389396709323,547,LOW_CTR_HIGH_POSITION,Improve title/meta description
1371,client_62f4a7e64f5e0096,content_12242345d548d460,2026-03-02,547,1,0.0018281535648994515,4.137111517367459,547,LOW_CTR_HIGH_POSITION,Improve title/meta description
1372,client_62f4a7e64f5e0096,content_8a61816e8079b691,2026-03-04,547,3,0.005484460694698354,4.001828153564899,547,LOW_CTR_HIGH_POSITION,Improve title/meta description
1373,client_1a730cb2640a1abf,content_31170f5df3771d5d,2026-03-02,547,9,0.016453382084095063,3.2541133455210236,547,LOW_CTR_HIGH_POSITION,Improve title/meta description
1374,client_e5c2aa26a8598242,content_88cd7165b8facf5d,2026-03-02,547,6,0.010968921389396709,2.539305301645338,547,LOW_CTR_HIGH_POSITION,Improve title/meta description
1375,client_fef1a8f436438636,content_95f7834ab27ee3b0,2026-03-02,547,3,0.005484460694698354,6.769652650822669,547,LOW_CTR_HIGH_POSITION,Improve title/meta description
1376,client_fef1a8f436438636,content_3bd52442e0302db1,2026-03-01,547,4,0.007312614259597806,4.195612431444241,547,LOW_CTR_HIGH_POSITION,Improve title/meta description
1377,client_73cda7b4e4f265ea,content_732968ec3408c624,2026-03-01,546,0,0.0,4.210622710622711,546,LOW_CTR_HIGH_POSITION,Improve title/meta description
1378,client_fef1a8f436438636,content_afec9db41cff052a,2026-03-02,546,0,0.0,7.456043956043956,546,LOW_CTR_HIGH_POSITION,Improve title/meta description
1379,client_e5c2aa26a8598242,content_72524cabb2854075,2026-03-02,546,3,0.005494505494505495,3.7032967032967035,546,LOW_CTR_HIGH_POSITION,Improve title/meta description
1380,client_e547b89c05043229,content_bb8d984eceb3f9a0,2026-03-01,546,1,0.0018315018315018315,3.5732600732600734,546,LOW_CTR_HIGH_POSITION,Improve title/meta description
1381,client_fef1a8f436438636,content_2cb69ba238f9c395,2026-03-02,546,16,0.029304029304029304,6.670329670329671,546,LOW_CTR_HIGH_POSITION,Improve title/meta description
1382,client_e547b89c05043229,content_d66132405e3c71b4,2026-03-01,546,0,0.0,4.027472527472527,546,LOW_CTR_HIGH_POSITION,Improve title/meta description
1383,client_73cda7b4e4f265ea,content_3d68065dd8d63fea,2026-03-01,546,7,0.01282051282051282,2.5750915750915753,546,LOW_CTR_HIGH_POSITION,Improve title/meta description
1384,client_73cda7b4e4f265ea,content_aa121dc2e0e9cf47,2026-03-01,546,1,0.0018315018315018315,6.67948717948718,546,LOW_CTR_HIGH_POSITION,Improve title/meta description
1385,client_73cda7b4e4f265ea,content_7f5bbf462a1e1e62,2026-03-01,546,1,0.0018315018315018315,3.912087912087912,546,LOW_CTR_HIGH_POSITION,Improve title/meta description
1386,client_73cda7b4e4f265ea,content_2aeb57994ec1c412,2026-03-03,545,3,0.005504587155963303,5.269724770642202,545,LOW_CTR_HIGH_POSITION,Improve title/meta description
1387,client_62f4a7e64f5e0096,content_4361e43817837975,2026-03-02,545,0,0.0,5.5944954128440365,545,LOW_CTR_HIGH_POSITION,Improve title/meta description
1388,client_e5c2aa26a8598242,content_f75b8cfa000ef304,2026-03-02,545,0,0.0,7.6,545,LOW_CTR_HIGH_POSITION,Improve title/meta description
1389,client_73cda7b4e4f265ea,content_ae335b850f8ead08,2026-03-01,545,3,0.005504587155963303,4.954128440366972,545,LOW_CTR_HIGH_POSITION,Improve title/meta description
1390,client_e547b89c05043229,content_5707f73fe8ee39f9,2026-03-02,545,1,0.001834862385321101,2.2623853211009175,545,LOW_CTR_HIGH_POSITION,Improve title/meta description
1391,client_fef1a8f436438636,content_423aac8ca0b5f48b,2026-03-01,544,1,0.001838235294117647,0.07536764705882353,544,LOW_CTR_HIGH_POSITION,Improve title/meta description
1392,client_23a62021009f63c4,content_65d78a7819689aa0,2026-03-03,544,1,0.001838235294117647,5.810661764705882,544,LOW_CTR_HIGH_POSITION,Improve title/meta description
1393,client_73cda7b4e4f265ea,content_0f31ab3f2171a1a5,2026-03-01,544,1,0.001838235294117647,5.21875,544,LOW_CTR_HIGH_POSITION,Improve title/meta description
1394,client_e5c2aa26a8598242,content_ee14e7d8222b66b8,2026-03-02,544,1,0.001838235294117647,2.338235294117647,544,LOW_CTR_HIGH_POSITION,Improve title/meta description
1395,client_62f4a7e64f5e0096,content_897096a4c55acd6e,2026-03-02,544,8,0.014705882352941176,2.9981617647058822,544,LOW_CTR_HIGH_POSITION,Improve title/meta description
1396,client_62f4a7e64f5e0096,content_040354918a6e87f5,2026-03-02,544,0,0.0,1.6801470588235294,544,LOW_CTR_HIGH_POSITION,Improve title/meta description
1397,client_e547b89c05043229,content_4c8df2d73347920e,2026-03-02,544,3,0.0055147058823529415,5.818014705882353,544,LOW_CTR_HIGH_POSITION,Improve title/meta description
1398,client_e5c2aa26a8598242,content_76c3651c363fb9a3,2026-03-02,544,2,0.003676470588235294,3.431985294117647,544,LOW_CTR_HIGH_POSITION,Improve title/meta description
1399,client_73cda7b4e4f265ea,content_fec2bb1072ac73d5,2026-03-01,544,4,0.007352941176470588,3.0238970588235294,544,LOW_CTR_HIGH_POSITION,Improve title/meta description
1400,client_62f4a7e64f5e0096,content_d934c1845f623e33,2026-03-04,543,0,0.0,6.128913443830571,543,LOW_CTR_HIGH_POSITION,Improve title/meta description
1401,client_73cda7b4e4f265ea,content_6b1207f4553b5462,2026-03-01,543,4,0.007366482504604052,2.134438305709024,543,LOW_CTR_HIGH_POSITION,Improve title/meta description
1402,client_73cda7b4e4f265ea,content_f87bf9e3c86336b9,2026-03-01,543,3,0.0055248618784530384,5.56353591160221,543,LOW_CTR_HIGH_POSITION,Improve title/meta description
1403,client_62f4a7e64f5e0096,content_ab232613fde80b3a,2026-03-02,543,2,0.003683241252302026,2.8011049723756907,543,LOW_CTR_HIGH_POSITION,Improve title/meta description
1404,client_62f4a7e64f5e0096,content_d61de87e2d5afcbc,2026-03-03,542,1,0.0018450184501845018,5.870848708487085,542,LOW_CTR_HIGH_POSITION,Improve title/meta description
1405,client_62f4a7e64f5e0096,content_e06f7782b0ad97f1,2026-03-04,542,0,0.0,2.304428044280443,542,LOW_CTR_HIGH_POSITION,Improve title/meta description
1406,client_62f4a7e64f5e0096,content_c7c776dd4dfa9bf4,2026-03-02,542,0,0.0,3.2896678966789668,542,LOW_CTR_HIGH_POSITION,Improve title/meta description
1407,client_62f4a7e64f5e0096,content_71e3a80335fd9150,2026-03-02,542,0,0.0,5.907749077490775,542,LOW_CTR_HIGH_POSITION,Improve title/meta description
1408,client_23a62021009f63c4,content_f37f604b5cf57709,2026-03-03,542,0,0.0,5.332103321033211,542,LOW_CTR_HIGH_POSITION,Improve title/meta description
1409,client_62f4a7e64f5e0096,content_b3b8e7842ecf1883,2026-03-02,542,0,0.0,1.8837638376383763,542,LOW_CTR_HIGH_POSITION,Improve title/meta description
1410,client_23a62021009f63c4,content_97646f271a75ace7,2026-03-03,542,9,0.016605166051660517,7.511070110701107,542,LOW_CTR_HIGH_POSITION,Improve title/meta description
1411,client_62f4a7e64f5e0096,content_b26508d244b9d9ae,2026-03-04,540,2,0.003703703703703704,1.7259259259259259,540,LOW_CTR_HIGH_POSITION,Improve title/meta description
1412,client_fef1a8f436438636,content_6f01fb2b01d3b898,2026-03-01,539,3,0.0055658627087198514,5.024118738404453,539,LOW_CTR_HIGH_POSITION,Improve title/meta description
1413,client_e547b89c05043229,content_0a781564f6049799,2026-03-01,539,4,0.0074211502782931356,5.961038961038961,539,LOW_CTR_HIGH_POSITION,Improve title/meta description
1414,client_fef1a8f436438636,content_7b124555ddd30da6,2026-03-02,538,0,0.0,6.395910780669145,538,LOW_CTR_HIGH_POSITION,Improve title/meta description
1415,client_0fa64a184f18a4a0,content_04875f00881d45ed,2026-03-02,538,0,0.0,3.6115241635687734,538,LOW_CTR_HIGH_POSITION,Improve title/meta description
1416,client_62f4a7e64f5e0096,content_27bddab6f8439df5,2026-03-02,538,2,0.0037174721189591076,1.5985130111524164,538,LOW_CTR_HIGH_POSITION,Improve title/meta description
1417,client_73cda7b4e4f265ea,content_f01349fedf121f6c,2026-03-01,538,0,0.0,4.799256505576208,538,LOW_CTR_HIGH_POSITION,Improve title/meta description
1418,client_62f4a7e64f5e0096,content_49ae7aa60e573819,2026-03-04,538,1,0.0018587360594795538,3.2267657992565058,538,LOW_CTR_HIGH_POSITION,Improve title/meta description
1419,client_62f4a7e64f5e0096,content_9f9fad7110fa9f7a,2026-03-02,538,1,0.0018587360594795538,3.399628252788104,538,LOW_CTR_HIGH_POSITION,Improve title/meta description
1420,client_62f4a7e64f5e0096,content_e2d286db3291306c,2026-03-02,537,1,0.00186219739292365,4.39292364990689,537,LOW_CTR_HIGH_POSITION,Improve title/meta description
1421,client_e547b89c05043229,content_26e8fa4d3620ab29,2026-03-01,537,0,0.0,2.797020484171322,537,LOW_CTR_HIGH_POSITION,Improve title/meta description
1422,client_62f4a7e64f5e0096,content_3e172ed48ce4b771,2026-03-02,537,1,0.00186219739292365,2.7635009310986964,537,LOW_CTR_HIGH_POSITION,Improve title/meta description
1423,client_73cda7b4e4f265ea,content_973cd3ba5f3d5057,2026-03-01,536,1,0.0018656716417910447,3.1343283582089554,536,LOW_CTR_HIGH_POSITION,Improve title/meta description
1424,client_e5c2aa26a8598242,content_12112a431a78617f,2026-03-02,536,4,0.007462686567164179,2.1940298507462686,536,LOW_CTR_HIGH_POSITION,Improve title/meta description
1425,client_fef1a8f436438636,content_5ac8d580a9079b50,2026-03-01,536,3,0.005597014925373134,8.17910447761194,536,LOW_CTR_HIGH_POSITION,Improve title/meta description
1426,client_e547b89c05043229,content_31f1ec9b1ee6bb89,2026-03-04,535,0,0.0,6.1457943925233645,535,LOW_CTR_HIGH_POSITION,Improve title/meta description
1427,client_62f4a7e64f5e0096,content_5fc54ab6573299f4,2026-03-02,535,0,0.0,8.788785046728972,535,LOW_CTR_HIGH_POSITION,Improve title/meta description
1428,client_23a62021009f63c4,content_c63784807a77c864,2026-03-01,535,2,0.003738317757009346,0.28598130841121494,535,LOW_CTR_HIGH_POSITION,Improve title/meta description
1429,client_62f4a7e64f5e0096,content_bb4268f0961368ba,2026-03-04,535,0,0.0,5.394392523364486,535,LOW_CTR_HIGH_POSITION,Improve title/meta description
1430,client_73cda7b4e4f265ea,content_9b993067a96c2b57,2026-03-01,535,1,0.001869158878504673,2.2467289719626167,535,LOW_CTR_HIGH_POSITION,Improve title/meta description
1431,client_9958f0a7ae1df715,content_ef1caed111f80858,2026-03-01,535,0,0.0,6.097196261682243,535,LOW_CTR_HIGH_POSITION,Improve title/meta description
1432,client_62f4a7e64f5e0096,content_30032a6d03821f59,2026-03-02,535,2,0.003738317757009346,4.407476635514018,535,LOW_CTR_HIGH_POSITION,Improve title/meta description
1433,client_fef1a8f436438636,content_af5b4353b7535553,2026-03-02,534,1,0.0018726591760299626,9.095505617977528,534,LOW_CTR_HIGH_POSITION,Improve title/meta description
1434,client_62f4a7e64f5e0096,content_69bec0e71e4bf591,2026-03-02,533,0,0.0,6.270168855534709,533,LOW_CTR_HIGH_POSITION,Improve title/meta description
1435,client_62f4a7e64f5e0096,content_d226786e741d06a3,2026-03-04,533,1,0.001876172607879925,8.470919324577862,533,LOW_CTR_HIGH_POSITION,Improve title/meta description
1436,client_73cda7b4e4f265ea,content_fde3ca5e9c57532b,2026-03-01,533,1,0.001876172607879925,1.6679174484052532,533,LOW_CTR_HIGH_POSITION,Improve title/meta description
1437,client_e5c2aa26a8598242,content_ba1e314a3d78711c,2026-03-02,533,2,0.00375234521575985,3.2814258911819887,533,LOW_CTR_HIGH_POSITION,Improve title/meta description
1438,client_73cda7b4e4f265ea,content_6173fb205a574cd2,2026-03-01,532,1,0.0018796992481203006,1.2612781954887218,532,LOW_CTR_HIGH_POSITION,Improve title/meta description
1439,client_23a62021009f63c4,content_c63784807a77c864,2026-03-03,531,0,0.0,0.19397363465160075,531,LOW_CTR_HIGH_POSITION,Improve title/meta description
1440,client_73cda7b4e4f265ea,content_a15138d47e9949ae,2026-03-01,531,0,0.0,0.8022598870056498,531,LOW_CTR_HIGH_POSITION,Improve title/meta description
1441,client_73cda7b4e4f265ea,content_c6309ea90469bc0d,2026-03-01,531,4,0.007532956685499058,2.1977401129943503,531,LOW_CTR_HIGH_POSITION,Improve title/meta description
1442,client_62f4a7e64f5e0096,content_0b2bed5dba506034,2026-03-04,531,0,0.0,7.248587570621469,531,LOW_CTR_HIGH_POSITION,Improve title/meta description
1443,client_62f4a7e64f5e0096,content_b065ddc46483f516,2026-03-02,531,0,0.0,4.661016949152542,531,LOW_CTR_HIGH_POSITION,Improve title/meta description
1444,client_73cda7b4e4f265ea,content_378349dd1ec73f0c,2026-03-01,530,3,0.005660377358490566,1.669811320754717,530,LOW_CTR_HIGH_POSITION,Improve title/meta description
1445,client_e547b89c05043229,content_3ff929263c947ac3,2026-03-01,530,2,0.0037735849056603774,4.9547169811320755,530,LOW_CTR_HIGH_POSITION,Improve title/meta description
1446,client_62f4a7e64f5e0096,content_7512d46116ef3e92,2026-03-03,530,0,0.0,1.7660377358490567,530,LOW_CTR_HIGH_POSITION,Improve title/meta description
1447,client_62f4a7e64f5e0096,content_60ddcce41cc0e457,2026-03-02,530,4,0.007547169811320755,1.879245283018868,530,LOW_CTR_HIGH_POSITION,Improve title/meta description
1448,client_fef1a8f436438636,content_bcecb58f5a1ead82,2026-03-02,530,9,0.016981132075471698,5.505660377358491,530,LOW_CTR_HIGH_POSITION,Improve title/meta description
1449,client_73cda7b4e4f265ea,content_46288b94f03bb3ca,2026-03-01,529,1,0.001890359168241966,2.4177693761814747,529,LOW_CTR_HIGH_POSITION,Improve title/meta description
1450,client_73cda7b4e4f265ea,content_7726ab1608d11c92,2026-03-01,529,5,0.00945179584120983,2.6030245746691874,529,LOW_CTR_HIGH_POSITION,Improve title/meta description
1451,client_fef1a8f436438636,content_6fe4119dc2ad49c4,2026-03-01,528,1,0.001893939393939394,1.7348484848484849,528,LOW_CTR_HIGH_POSITION,Improve title/meta description
1452,client_62f4a7e64f5e0096,content_1aa58daeb178c683,2026-03-02,528,6,0.011363636363636364,3.399621212121212,528,LOW_CTR_HIGH_POSITION,Improve title/meta description
1453,client_62f4a7e64f5e0096,content_a8395f3ca3c5f135,2026-03-02,528,0,0.0,2.2859848484848486,528,LOW_CTR_HIGH_POSITION,Improve title/meta description
1454,client_62f4a7e64f5e0096,content_6757140fdd4aa14b,2026-03-04,528,1,0.001893939393939394,3.0359848484848486,528,LOW_CTR_HIGH_POSITION,Improve title/meta description
1455,client_e547b89c05043229,content_7132151ec39c08f7,2026-03-04,527,3,0.0056925996204933585,4.605313092979127,527,LOW_CTR_HIGH_POSITION,Improve title/meta description
1456,client_e547b89c05043229,content_6c2da5d67fa888cc,2026-03-04,527,0,0.0,1.6280834914611007,527,LOW_CTR_HIGH_POSITION,Improve title/meta description
1457,client_23a62021009f63c4,content_1a1a794fc171abae,2026-03-03,527,1,0.0018975332068311196,9.020872865275143,527,LOW_CTR_HIGH_POSITION,Improve title/meta description
1458,client_73cda7b4e4f265ea,content_bafa23521f2d35a4,2026-03-03,526,2,0.0038022813688212928,4.268060836501901,526,LOW_CTR_HIGH_POSITION,Improve title/meta description
1459,client_62f4a7e64f5e0096,content_abaf75df8fc88085,2026-03-02,526,1,0.0019011406844106464,7.773764258555133,526,LOW_CTR_HIGH_POSITION,Improve title/meta description
1460,client_62f4a7e64f5e0096,content_7a6a316885fc5960,2026-03-02,526,4,0.0076045627376425855,2.3840304182509504,526,LOW_CTR_HIGH_POSITION,Improve title/meta description
1461,client_e547b89c05043229,content_39ed9e75662f5a9d,2026-03-02,526,0,0.0,1.6368821292775666,526,LOW_CTR_HIGH_POSITION,Improve title/meta description
1462,client_fef1a8f436438636,content_a7b8a4447130cf93,2026-03-02,526,2,0.0038022813688212928,6.9106463878327,526,LOW_CTR_HIGH_POSITION,Improve title/meta description
1463,client_157ffe4d4a595515,content_a3d9a4205f9e5f13,2026-03-01,525,0,0.0,6.672380952380952,525,LOW_CTR_HIGH_POSITION,Improve title/meta description
1464,client_23a62021009f63c4,content_6f68c3abc91c2fd0,2026-03-03,525,1,0.0019047619047619048,2.099047619047619,525,LOW_CTR_HIGH_POSITION,Improve title/meta description
1465,client_62f4a7e64f5e0096,content_1527702fad7ddc4b,2026-03-02,525,3,0.005714285714285714,4.79047619047619,525,LOW_CTR_HIGH_POSITION,Improve title/meta description
1466,client_73cda7b4e4f265ea,content_5fa9b2b23eb7ec07,2026-03-01,525,2,0.0038095238095238095,2.6666666666666665,525,LOW_CTR_HIGH_POSITION,Improve title/meta description
1467,client_fef1a8f436438636,content_a2d8d8c609ff7b0e,2026-03-02,525,4,0.007619047619047619,4.573333333333333,525,LOW_CTR_HIGH_POSITION,Improve title/meta description
1468,client_73cda7b4e4f265ea,content_6c951727dd6de6a4,2026-03-01,525,0,0.0,3.3466666666666667,525,LOW_CTR_HIGH_POSITION,Improve title/meta description
1469,client_e547b89c05043229,content_43aceee43f6269d0,2026-03-02,525,2,0.0038095238095238095,4.876190476190477,525,LOW_CTR_HIGH_POSITION,Improve title/meta description
1470,client_e5c2aa26a8598242,content_556a3ec9015cc191,2026-03-02,524,3,0.0057251908396946565,6.597328244274809,524,LOW_CTR_HIGH_POSITION,Improve title/meta description
1471,client_fef1a8f436438636,content_f2af75e28fb898e5,2026-03-01,524,0,0.0,2.883587786259542,524,LOW_CTR_HIGH_POSITION,Improve title/meta description
1472,client_73cda7b4e4f265ea,content_8c74cd7128780b09,2026-03-01,524,1,0.0019083969465648854,3.0916030534351147,524,LOW_CTR_HIGH_POSITION,Improve title/meta description
1473,client_e547b89c05043229,content_96d97df9a573f464,2026-03-02,524,2,0.003816793893129771,3.131679389312977,524,LOW_CTR_HIGH_POSITION,Improve title/meta description
1474,client_62f4a7e64f5e0096,content_c4e7aaf6adeae0be,2026-03-02,524,4,0.007633587786259542,1.9274809160305344,524,LOW_CTR_HIGH_POSITION,Improve title/meta description
1475,client_fef1a8f436438636,content_1ba7817ad0539568,2026-03-02,524,0,0.0,6.479007633587786,524,LOW_CTR_HIGH_POSITION,Improve title/meta description
1476,client_e547b89c05043229,content_584710c80e46acc3,2026-03-01,524,1,0.0019083969465648854,3.99618320610687,524,LOW_CTR_HIGH_POSITION,Improve title/meta description
1477,client_62f4a7e64f5e0096,content_a8877bbb6d4bad9e,2026-03-02,523,3,0.0057361376673040155,4.32887189292543,523,LOW_CTR_HIGH_POSITION,Improve title/meta description
1478,client_62f4a7e64f5e0096,content_477135445684a92c,2026-03-02,523,1,0.0019120458891013384,3.546845124282983,523,LOW_CTR_HIGH_POSITION,Improve title/meta description
1479,client_73cda7b4e4f265ea,content_72e574fc6d247af2,2026-03-01,523,4,0.0076481835564053535,1.8738049713193117,523,LOW_CTR_HIGH_POSITION,Improve title/meta description
1480,client_73cda7b4e4f265ea,content_7e74d4b1ec6d8f0c,2026-03-01,523,2,0.0038240917782026767,4.04397705544933,523,LOW_CTR_HIGH_POSITION,Improve title/meta description
1481,client_73cda7b4e4f265ea,content_6f97f92b289796f7,2026-03-01,523,1,0.0019120458891013384,4.521988527724665,523,LOW_CTR_HIGH_POSITION,Improve title/meta description
1482,client_62f4a7e64f5e0096,content_92456a16a2d7c7d3,2026-03-02,522,0,0.0,6.3869731800766285,522,LOW_CTR_HIGH_POSITION,Improve title/meta description
1483,client_62f4a7e64f5e0096,content_7a6c7e6eaa38acfb,2026-03-02,522,0,0.0,5.946360153256705,522,LOW_CTR_HIGH_POSITION,Improve title/meta description
1484,client_73cda7b4e4f265ea,content_df483c7bf2e2d35e,2026-03-01,522,1,0.0019157088122605363,0.4157088122605364,522,LOW_CTR_HIGH_POSITION,Improve title/meta description
1485,client_e547b89c05043229,content_313c6e7c23858acb,2026-03-04,522,4,0.007662835249042145,3.496168582375479,522,LOW_CTR_HIGH_POSITION,Improve title/meta description
1486,client_e5c2aa26a8598242,content_e3210544853c31e4,2026-03-02,522,2,0.0038314176245210726,5.375478927203065,522,LOW_CTR_HIGH_POSITION,Improve title/meta description
1487,client_62f4a7e64f5e0096,content_bea890c2cbbe6441,2026-03-02,522,5,0.009578544061302681,2.2126436781609193,522,LOW_CTR_HIGH_POSITION,Improve title/meta description
1488,client_62f4a7e64f5e0096,content_ac8aca8568b011b1,2026-03-02,522,0,0.0,5.097701149425287,522,LOW_CTR_HIGH_POSITION,Improve title/meta description
1489,client_a80fca3f171ed1de,content_ab73319d9dcb3656,2026-03-03,521,0,0.0,4.587332053742802,521,LOW_CTR_HIGH_POSITION,Improve title/meta description
1490,client_73cda7b4e4f265ea,content_bafa23521f2d35a4,2026-03-01,520,1,0.0019230769230769232,3.7865384615384614,520,LOW_CTR_HIGH_POSITION,Improve title/meta description
1491,client_62f4a7e64f5e0096,content_cd60acbf9016e66d,2026-03-02,520,1,0.0019230769230769232,3.7153846153846155,520,LOW_CTR_HIGH_POSITION,Improve title/meta description
1492,client_62f4a7e64f5e0096,content_5d0c0c1e1f283b92,2026-03-04,520,0,0.0,4.657692307692308,520,LOW_CTR_HIGH_POSITION,Improve title/meta description
1493,client_73cda7b4e4f265ea,content_bf522dd5162e5af3,2026-03-01,520,3,0.0057692307692307696,3.2365384615384616,520,LOW_CTR_HIGH_POSITION,Improve title/meta description
1494,client_e5c2aa26a8598242,content_235e8bfff3963faf,2026-03-02,520,4,0.007692307692307693,5.594230769230769,520,LOW_CTR_HIGH_POSITION,Improve title/meta description
1495,client_62f4a7e64f5e0096,content_ed695287b382ce11,2026-03-02,520,2,0.0038461538461538464,3.9307692307692306,520,LOW_CTR_HIGH_POSITION,Improve title/meta description
1496,client_e547b89c05043229,content_7ff65d094f39d27d,2026-03-02,520,0,0.0,2.7653846153846153,520,LOW_CTR_HIGH_POSITION,Improve title/meta description
1497,client_c182d11e4862a37d,content_cb050d62c413425b,2026-03-01,519,0,0.0,4.294797687861272,519,LOW_CTR_HIGH_POSITION,Improve title/meta description
1498,client_62f4a7e64f5e0096,content_262382ea49c32a64,2026-03-04,519,0,0.0,4.493256262042389,519,LOW_CTR_HIGH_POSITION,Improve title/meta description
1499,client_62f4a7e64f5e0096,content_d7c8dd03989b8683,2026-03-02,519,0,0.0,3.7745664739884393,519,LOW_CTR_HIGH_POSITION,Improve title/meta description
1500,client_62f4a7e64f5e0096,content_5790f295ac6a6fe8,2026-03-02,519,1,0.0019267822736030828,2.97495183044316,519,LOW_CTR_HIGH_POSITION,Improve title/meta description
1501,client_e547b89c05043229,content_a9e7ee1aebfa0b68,2026-03-01,519,2,0.0038535645472061657,4.092485549132948,519,LOW_CTR_HIGH_POSITION,Improve title/meta description
1502,client_62f4a7e64f5e0096,content_25e731e004e6c0b4,2026-03-03,519,0,0.0,4.433526011560693,519,LOW_CTR_HIGH_POSITION,Improve title/meta description
1503,client_62f4a7e64f5e0096,content_49c92096ac15d78c,2026-03-02,519,0,0.0,6.18111753371869,519,LOW_CTR_HIGH_POSITION,Improve title/meta description
1504,client_e547b89c05043229,content_b300574a5dc39276,2026-03-02,519,0,0.0,4.342967244701349,519,LOW_CTR_HIGH_POSITION,Improve title/meta description
1505,client_e547b89c05043229,content_cf8a731286a0394b,2026-03-02,519,5,0.009633911368015413,1.9672447013487475,519,LOW_CTR_HIGH_POSITION,Improve title/meta description
1506,client_62f4a7e64f5e0096,content_9e8530845581bea6,2026-03-02,519,6,0.011560693641618497,1.9884393063583814,519,LOW_CTR_HIGH_POSITION,Improve title/meta description
1507,client_62f4a7e64f5e0096,content_039963a789fd14b2,2026-03-02,518,1,0.0019305019305019305,5.098455598455598,518,LOW_CTR_HIGH_POSITION,Improve title/meta description
1508,client_62f4a7e64f5e0096,content_cfb9105d95785cde,2026-03-03,518,1,0.0019305019305019305,1.9845559845559846,518,LOW_CTR_HIGH_POSITION,Improve title/meta description
1509,client_e5c2aa26a8598242,content_bd12cac07f18ce4b,2026-03-02,518,1,0.0019305019305019305,3.7895752895752897,518,LOW_CTR_HIGH_POSITION,Improve title/meta description
1510,client_e547b89c05043229,content_20a362f60e0ebc03,2026-03-01,518,6,0.011583011583011582,3.0752895752895753,518,LOW_CTR_HIGH_POSITION,Improve title/meta description
1511,client_62f4a7e64f5e0096,content_301c008b2dde26b3,2026-03-04,518,0,0.0,9.027027027027026,518,LOW_CTR_HIGH_POSITION,Improve title/meta description
1512,client_e547b89c05043229,content_c9a2885eaad3c621,2026-03-02,518,1,0.0019305019305019305,4.8687258687258685,518,LOW_CTR_HIGH_POSITION,Improve title/meta description
1513,client_e547b89c05043229,content_1556e9757487838e,2026-03-02,518,1,0.0019305019305019305,2.138996138996139,518,LOW_CTR_HIGH_POSITION,Improve title/meta description
1514,client_e547b89c05043229,content_1454af275371800c,2026-03-02,518,6,0.011583011583011582,5.832046332046332,518,LOW_CTR_HIGH_POSITION,Improve title/meta description
1515,client_62f4a7e64f5e0096,content_5877c15920051152,2026-03-02,517,0,0.0,2.2688588007736943,517,LOW_CTR_HIGH_POSITION,Improve title/meta description
1516,client_62f4a7e64f5e0096,content_d3532faf2debb13c,2026-03-02,517,0,0.0,3.9593810444874276,517,LOW_CTR_HIGH_POSITION,Improve title/meta description
1517,client_73cda7b4e4f265ea,content_a2bd28174f268d38,2026-03-01,517,0,0.0,2.8007736943907156,517,LOW_CTR_HIGH_POSITION,Improve title/meta description
1518,client_62f4a7e64f5e0096,content_93d3cd82ca321399,2026-03-04,517,2,0.0038684719535783366,1.7408123791102514,517,LOW_CTR_HIGH_POSITION,Improve title/meta description
1519,client_fef1a8f436438636,content_1e58361008ae490c,2026-03-02,516,0,0.0,8.073643410852712,516,LOW_CTR_HIGH_POSITION,Improve title/meta description
1520,client_73cda7b4e4f265ea,content_53d59ed5c4b0a22d,2026-03-01,516,3,0.005813953488372093,2.89922480620155,516,LOW_CTR_HIGH_POSITION,Improve title/meta description
1521,client_e5c2aa26a8598242,content_4977e90c4d93cf9f,2026-03-02,516,2,0.003875968992248062,6.071705426356589,516,LOW_CTR_HIGH_POSITION,Improve title/meta description
1522,client_fef1a8f436438636,content_74599e955ebaf80c,2026-03-02,516,4,0.007751937984496124,5.352713178294573,516,LOW_CTR_HIGH_POSITION,Improve title/meta description
1523,client_08a6a72ff48e62c0,content_97b00e8ba3d97ca4,2026-03-01,516,1,0.001937984496124031,7.60077519379845,516,LOW_CTR_HIGH_POSITION,Improve title/meta description
1524,client_73cda7b4e4f265ea,content_2bc577088d8aea27,2026-03-01,515,3,0.005825242718446602,2.8640776699029127,515,LOW_CTR_HIGH_POSITION,Improve title/meta description
1525,client_62f4a7e64f5e0096,content_e77140f53bc17588,2026-03-02,515,3,0.005825242718446602,3.70873786407767,515,LOW_CTR_HIGH_POSITION,Improve title/meta description
1526,client_62f4a7e64f5e0096,content_8a6a2c8c6d6a3528,2026-03-02,514,0,0.0,2.821011673151751,514,LOW_CTR_HIGH_POSITION,Improve title/meta description
1527,client_e547b89c05043229,content_c07b4968e3fc4779,2026-03-01,514,0,0.0,1.3988326848249026,514,LOW_CTR_HIGH_POSITION,Improve title/meta description
1528,client_62f4a7e64f5e0096,content_c00e33641178f421,2026-03-02,514,1,0.0019455252918287938,4.684824902723736,514,LOW_CTR_HIGH_POSITION,Improve title/meta description
1529,client_3197e6291363b4db,content_c128c2be614b343e,2026-03-02,514,0,0.0,7.727626459143969,514,LOW_CTR_HIGH_POSITION,Improve title/meta description
1530,client_e5c2aa26a8598242,content_6cb14419bcc7e2d5,2026-03-02,514,4,0.007782101167315175,3.142023346303502,514,LOW_CTR_HIGH_POSITION,Improve title/meta description
1531,client_73cda7b4e4f265ea,content_e6cde6b310c4a835,2026-03-01,513,2,0.003898635477582846,0.8089668615984406,513,LOW_CTR_HIGH_POSITION,Improve title/meta description
1532,client_62f4a7e64f5e0096,content_49a08912190717ea,2026-03-02,513,1,0.001949317738791423,6.348927875243665,513,LOW_CTR_HIGH_POSITION,Improve title/meta description
1533,client_fef1a8f436438636,content_870f8b5e5a471b90,2026-03-01,513,1,0.001949317738791423,1.060428849902534,513,LOW_CTR_HIGH_POSITION,Improve title/meta description
1534,client_e547b89c05043229,content_4956564cd5565bfd,2026-03-01,513,3,0.005847953216374269,3.8362573099415203,513,LOW_CTR_HIGH_POSITION,Improve title/meta description
1535,client_62f4a7e64f5e0096,content_969d2a011bb3b00d,2026-03-04,513,2,0.003898635477582846,1.4678362573099415,513,LOW_CTR_HIGH_POSITION,Improve title/meta description
1536,client_73cda7b4e4f265ea,content_efe1c906f4d7d66d,2026-03-01,513,1,0.001949317738791423,1.732943469785575,513,LOW_CTR_HIGH_POSITION,Improve title/meta description
1537,client_62f4a7e64f5e0096,content_4763692f479644ed,2026-03-02,512,3,0.005859375,5.623046875,512,LOW_CTR_HIGH_POSITION,Improve title/meta description
1538,client_e547b89c05043229,content_dec35ec1f8c1918f,2026-03-02,512,1,0.001953125,1.013671875,512,LOW_CTR_HIGH_POSITION,Improve title/meta description
1539,client_73cda7b4e4f265ea,content_b6b10320cd8e2196,2026-03-01,512,0,0.0,2.431640625,512,LOW_CTR_HIGH_POSITION,Improve title/meta description
1540,client_62f4a7e64f5e0096,content_909f076ff56b2a82,2026-03-04,512,1,0.001953125,3.884765625,512,LOW_CTR_HIGH_POSITION,Improve title/meta description
1541,client_fef1a8f436438636,content_4e130152635741f1,2026-03-01,512,6,0.01171875,2.9609375,512,LOW_CTR_HIGH_POSITION,Improve title/meta description
1542,client_23a62021009f63c4,content_88a218ed0df4658c,2026-03-03,512,3,0.005859375,6.267578125,512,LOW_CTR_HIGH_POSITION,Improve title/meta description
1543,client_62f4a7e64f5e0096,content_8ab4db77082d2686,2026-03-04,511,1,0.0019569471624266144,3.704500978473581,511,LOW_CTR_HIGH_POSITION,Improve title/meta description
1544,client_08a6a72ff48e62c0,content_d935596a9c9095db,2026-03-03,511,0,0.0,8.673189823874756,511,LOW_CTR_HIGH_POSITION,Improve title/meta description
1545,client_73cda7b4e4f265ea,content_900210978a9e7c7d,2026-03-01,511,0,0.0,5.228962818003914,511,LOW_CTR_HIGH_POSITION,Improve title/meta description
1546,client_fef1a8f436438636,content_4de3cc4157dfe37b,2026-03-02,511,3,0.005870841487279843,6.405088062622309,511,LOW_CTR_HIGH_POSITION,Improve title/meta description
1547,client_62f4a7e64f5e0096,content_2c5179be6d4a66e9,2026-03-02,511,4,0.007827788649706457,4.747553816046967,511,LOW_CTR_HIGH_POSITION,Improve title/meta description
1548,client_65de48885f4ef01b,content_80d8955e3eef455e,2026-03-03,511,1,0.0019569471624266144,6.5479452054794525,511,LOW_CTR_HIGH_POSITION,Improve title/meta description
1549,client_e547b89c05043229,content_791696fba5fa8266,2026-03-02,510,0,0.0,0.15490196078431373,510,LOW_CTR_HIGH_POSITION,Improve title/meta description
1550,client_62f4a7e64f5e0096,content_f9464c7d40bc714b,2026-03-02,510,1,0.00196078431372549,3.1823529411764704,510,LOW_CTR_HIGH_POSITION,Improve title/meta description
1551,client_62f4a7e64f5e0096,content_a82ed6390fa4856d,2026-03-02,510,2,0.00392156862745098,1.6392156862745098,510,LOW_CTR_HIGH_POSITION,Improve title/meta description
1552,client_e547b89c05043229,content_a6eb550e132505fd,2026-03-01,510,3,0.0058823529411764705,4.9450980392156865,510,LOW_CTR_HIGH_POSITION,Improve title/meta description
1553,client_62f4a7e64f5e0096,content_c0854fe6a2e589e8,2026-03-02,509,0,0.0,3.3968565815324165,509,LOW_CTR_HIGH_POSITION,Improve title/meta description
1554,client_62f4a7e64f5e0096,content_5aa0e7ea419be4ef,2026-03-02,509,0,0.0,7.968565815324165,509,LOW_CTR_HIGH_POSITION,Improve title/meta description
1555,client_73cda7b4e4f265ea,content_d6012c6b6ae7e2ed,2026-03-01,509,1,0.0019646365422396855,4.035363457760314,509,LOW_CTR_HIGH_POSITION,Improve title/meta description
1556,client_73cda7b4e4f265ea,content_3539180219769a1c,2026-03-01,509,0,0.0,3.4970530451866404,509,LOW_CTR_HIGH_POSITION,Improve title/meta description
1557,client_62f4a7e64f5e0096,content_afb2649e741f8e8f,2026-03-02,508,1,0.001968503937007874,3.2263779527559056,508,LOW_CTR_HIGH_POSITION,Improve title/meta description
1558,client_62f4a7e64f5e0096,content_25668235bcd2b1dc,2026-03-02,508,1,0.001968503937007874,7.025590551181103,508,LOW_CTR_HIGH_POSITION,Improve title/meta description
1559,client_e547b89c05043229,content_6b3b8fd83fd9836d,2026-03-02,508,0,0.0,1.5492125984251968,508,LOW_CTR_HIGH_POSITION,Improve title/meta description
1560,client_73cda7b4e4f265ea,content_8deb33ee51b71109,2026-03-01,508,1,0.001968503937007874,3.677165354330709,508,LOW_CTR_HIGH_POSITION,Improve title/meta description
1561,client_23a62021009f63c4,content_fe8baba849843607,2026-03-03,508,0,0.0,3.354330708661417,508,LOW_CTR_HIGH_POSITION,Improve title/meta description
1562,client_62f4a7e64f5e0096,content_1ddf9509dfdbef75,2026-03-02,508,0,0.0,7.202755905511811,508,LOW_CTR_HIGH_POSITION,Improve title/meta description
1563,client_73cda7b4e4f265ea,content_b6d6a5314ea3b844,2026-03-01,508,2,0.003937007874015748,3.0866141732283463,508,LOW_CTR_HIGH_POSITION,Improve title/meta description
1564,client_73cda7b4e4f265ea,content_22876bb09aa493aa,2026-03-01,508,0,0.0,3.7381889763779528,508,LOW_CTR_HIGH_POSITION,Improve title/meta description
1565,client_62f4a7e64f5e0096,content_782a6182ba533027,2026-03-04,508,2,0.003937007874015748,2.779527559055118,508,LOW_CTR_HIGH_POSITION,Improve title/meta description
1566,client_62f4a7e64f5e0096,content_1c950a606b6f4773,2026-03-04,508,2,0.003937007874015748,1.3208661417322836,508,LOW_CTR_HIGH_POSITION,Improve title/meta description
1567,client_62f4a7e64f5e0096,content_d3089255249f66a4,2026-03-04,508,2,0.003937007874015748,4.066929133858268,508,LOW_CTR_HIGH_POSITION,Improve title/meta description
1568,client_73cda7b4e4f265ea,content_722bb352669f7cc0,2026-03-01,508,0,0.0,3.3346456692913384,508,LOW_CTR_HIGH_POSITION,Improve title/meta description
1569,client_62f4a7e64f5e0096,content_ae1b07ba5bbb5dbf,2026-03-02,507,1,0.0019723865877712033,6.437869822485207,507,LOW_CTR_HIGH_POSITION,Improve title/meta description
1570,client_62f4a7e64f5e0096,content_1232fb335b692f61,2026-03-04,507,4,0.007889546351084813,2.051282051282051,507,LOW_CTR_HIGH_POSITION,Improve title/meta description
1571,client_62f4a7e64f5e0096,content_412ebc26f704f01d,2026-03-02,507,5,0.009861932938856016,1.5226824457593688,507,LOW_CTR_HIGH_POSITION,Improve title/meta description
1572,client_62f4a7e64f5e0096,content_cf1bf84ce449b27d,2026-03-02,506,6,0.011857707509881422,1.907114624505929,506,LOW_CTR_HIGH_POSITION,Improve title/meta description
1573,client_23a62021009f63c4,content_44f9d2a1ce416af2,2026-03-01,506,4,0.007905138339920948,9.782608695652174,506,LOW_CTR_HIGH_POSITION,Improve title/meta description
1574,client_62f4a7e64f5e0096,content_689f7a02d7252b1e,2026-03-04,505,4,0.007920792079207921,4.231683168316832,505,LOW_CTR_HIGH_POSITION,Improve title/meta description
1575,client_62f4a7e64f5e0096,content_1da64df1ce2cd507,2026-03-04,505,2,0.0039603960396039604,5.437623762376238,505,LOW_CTR_HIGH_POSITION,Improve title/meta description
1576,client_73cda7b4e4f265ea,content_e01dff1b99ff0128,2026-03-01,505,0,0.0,5.841584158415841,505,LOW_CTR_HIGH_POSITION,Improve title/meta description
1577,client_73cda7b4e4f265ea,content_d455f9426ad4e6e6,2026-03-01,505,1,0.0019801980198019802,4.330693069306931,505,LOW_CTR_HIGH_POSITION,Improve title/meta description
1578,client_62f4a7e64f5e0096,content_ecfb641d4d7176ef,2026-03-02,505,0,0.0,3.269306930693069,505,LOW_CTR_HIGH_POSITION,Improve title/meta description
1579,client_73cda7b4e4f265ea,content_2217b6e9a3e50bd1,2026-03-01,504,2,0.003968253968253968,3.9444444444444446,504,LOW_CTR_HIGH_POSITION,Improve title/meta description
1580,client_62f4a7e64f5e0096,content_07cceeadee35025b,2026-03-02,504,4,0.007936507936507936,3.609126984126984,504,LOW_CTR_HIGH_POSITION,Improve title/meta description
1581,client_73cda7b4e4f265ea,content_07becf910983f0c1,2026-03-01,504,5,0.00992063492063492,3.4206349206349205,504,LOW_CTR_HIGH_POSITION,Improve title/meta description
1582,client_e547b89c05043229,content_a6eb550e132505fd,2026-03-02,504,5,0.00992063492063492,6.236111111111111,504,LOW_CTR_HIGH_POSITION,Improve title/meta description
1583,client_73cda7b4e4f265ea,content_c8b2113e00db68bc,2026-03-01,504,2,0.003968253968253968,2.5198412698412698,504,LOW_CTR_HIGH_POSITION,Improve title/meta description
1584,client_73cda7b4e4f265ea,content_ed933d048c64c2b7,2026-03-01,504,1,0.001984126984126984,6.597222222222222,504,LOW_CTR_HIGH_POSITION,Improve title/meta description
1585,client_73cda7b4e4f265ea,content_82c2c952341a0ad7,2026-03-01,503,1,0.0019880715705765406,4.650099403578529,503,LOW_CTR_HIGH_POSITION,Improve title/meta description
1586,client_73cda7b4e4f265ea,content_8f356875941d3e51,2026-03-01,503,1,0.0019880715705765406,5.083499005964215,503,LOW_CTR_HIGH_POSITION,Improve title/meta description
1587,client_fef1a8f436438636,content_5c244ab2f94a9adc,2026-03-01,503,1,0.0019880715705765406,9.65009940357853,503,LOW_CTR_HIGH_POSITION,Improve title/meta description
1588,client_62f4a7e64f5e0096,content_b4a5e06925b61264,2026-03-02,503,0,0.0,4.242544731610338,503,LOW_CTR_HIGH_POSITION,Improve title/meta description
1589,client_62f4a7e64f5e0096,content_a2961206597c0f07,2026-03-02,503,0,0.0,4.170974155069582,503,LOW_CTR_HIGH_POSITION,Improve title/meta description
1590,client_73cda7b4e4f265ea,content_e032cc1f6c7fef57,2026-03-01,503,1,0.0019880715705765406,3.1491053677932404,503,LOW_CTR_HIGH_POSITION,Improve title/meta description
1591,client_62f4a7e64f5e0096,content_ac671311da8857d9,2026-03-02,502,0,0.0,1.6653386454183268,502,LOW_CTR_HIGH_POSITION,Improve title/meta description
1592,client_62f4a7e64f5e0096,content_44c1e22b00fefaf7,2026-03-02,502,3,0.00597609561752988,3.00996015936255,502,LOW_CTR_HIGH_POSITION,Improve title/meta description
1593,client_73cda7b4e4f265ea,content_17fb044e7d8484f7,2026-03-01,502,2,0.00398406374501992,3.3824701195219125,502,LOW_CTR_HIGH_POSITION,Improve title/meta description
1594,client_62f4a7e64f5e0096,content_77e0dc8e0594ee8c,2026-03-02,502,1,0.00199203187250996,7.611553784860558,502,LOW_CTR_HIGH_POSITION,Improve title/meta description
1595,client_62f4a7e64f5e0096,content_883abe847c7b7e7f,2026-03-02,502,0,0.0,2.806772908366534,502,LOW_CTR_HIGH_POSITION,Improve title/meta description
1596,client_e547b89c05043229,content_79e94282745c4786,2026-03-01,501,1,0.001996007984031936,1.5828343313373254,501,LOW_CTR_HIGH_POSITION,Improve title/meta description
1597,client_e547b89c05043229,content_191b5d9e60d58657,2026-03-01,501,3,0.005988023952095809,1.2914171656686626,501,LOW_CTR_HIGH_POSITION,Improve title/meta description
1598,client_73cda7b4e4f265ea,content_51582733cddeaacc,2026-03-01,501,2,0.003992015968063872,2.722554890219561,501,LOW_CTR_HIGH_POSITION,Improve title/meta description
1599,client_73cda7b4e4f265ea,content_c2653d70b0dab355,2026-03-01,501,4,0.007984031936127744,1.596806387225549,501,LOW_CTR_HIGH_POSITION,Improve title/meta description
1600,client_20259bd6705d81d4,content_d25e008d03a72b65,2026-03-03,500,0,0.0,1.322,500,LOW_CTR_HIGH_POSITION,Improve title/meta description
1601,client_62f4a7e64f5e0096,content_ef0de58f49a56f7a,2026-03-02,500,1,0.002,4.164,500,LOW_CTR_HIGH_POSITION,Improve title/meta description
1602,client_73cda7b4e4f265ea,content_449f304d3768295e,2026-03-03,500,2,0.004,5.398,500,LOW_CTR_HIGH_POSITION,Improve title/meta description
1603,client_23a62021009f63c4,content_fa99685d4205863f,2026-03-03,500,5,0.01,8.84,500,LOW_CTR_HIGH_POSITION,Improve title/meta description
1604,client_e547b89c05043229,content_41fc9ed709b811b3,2026-03-01,500,2,0.004,3.204,500,LOW_CTR_HIGH_POSITION,Improve title/meta description
1605,client_73cda7b4e4f265ea,content_405daacede42e661,2026-03-01,500,3,0.006,2.032,500,LOW_CTR_HIGH_POSITION,Improve title/meta description
1606,client_fef1a8f436438636,content_b2f215d32ae7e89b,2026-03-01,500,4,0.008,0.922,500,LOW_CTR_HIGH_POSITION,Improve title/meta description
1607,client_23a62021009f63c4,content_ae959c307b48e71b,2026-03-01,500,5,0.01,4.646,500,LOW_CTR_HIGH_POSITION,Improve title/meta description
